532192473 684230603
679018640 1320848354
1043887869 1518907037
151776889 802609983
338605760 1150601473
167720469 300507469
397888213 1804134750
49641760 1624326069
718371863 1616726545
692716889 984475539
1157363569 1580953300
1516951797 1605200035
1507417622 1844716023
575938906 1256504171
1398980617 1538987016
1043546965 1151289975
174302290 1339467108
517858768 738246878
1196979868 1707836784
1191332895 1235598917
908409555 1522656821
1204091569 1240792489
937517228 1423263573
840082396 1903633008
1131774040 1877155954
448187278 1337515733
973125972 1620777935
0 1537974140
429482612 900989167
1184638203 1564790531
197409839 380107806
1689348195 1984919810
196142461 643701335
867309049 1207556029
379573243 1922629377
705163621 949592810
340402179 1675803430
466738712 1822482785
42919237 673959911
55764645 1973976898
1075217434 1937155942
588940658 1308928674
83199168 901295174
277690781 1307456479
1655189360 1753252617
79021608 1734293673
79692656 1944534047
1832706251 1898477382
432181186 921730954
64078267 971419556
1131900271 1699264951
651619347 1580141502
268183445 448534169
437060606 1657243124
150758716 882686021
1234224853 1807022403
426527924 930754653
857594617 1041272504
632710059 1097381966
810220725 1305505885
315866594 1564226367
378993144 1449029710
586165243 1613191465
800686865 1560282726
1252196277 1543181302
1349563653 1409601710
347142655 1974412310
1134639338 1703467305
67939713 1224180195
1301953755 1739142702
532618386 1123178251
985256319 1380982835
51317392 1278450756
851215458 1661254060
1250086524 1681066301
86374930 875127480
520772023 1935694990
370788192 1220879229
90904744 998421834
8 1002375364
543793398 1449145941
302866518 899119134
714862792 1117297816
495418625 1333549853
28124372 1806390357
815277492 1343543284
834935905 1407763559
403653345 1501101973
628456714 1327771846
817077407 1175101372
572934115 1866558360
652602044 1116225355
219752952 1189244160
1306552132 1470255062
725756622 1673814036
622604985 1261864255
9839726 194566328
1564659174 1670769746
1814811488 1889618389
111030281 375157699
1497313927 1950895712
695353842 1544892264
1507653355 1896114335
786464296 1675313531
84365225 1618900321
319796161 1706206512
1529872984 1782919430
996190990 1692020860
171059367 559003584
685192505 1567420072
161344467 1370371357
555887861 1547275492
268255575 1524625311
1288784472 1485121934
205568351 1092267446
672893444 1656976354
273542742 1806506384
1098415484 1280847882
604887999 1655498944
386681071 1664421261
646717216 1761921858
295072038 1596771383
780579869 1023056086
1775264976 1912496296
1490303095 1543161802
1897988653 1950383054
1520213723 1944621266
513816181 1748528408
895129635 989245788
959246797 1419618813
91663233 219693685
454999814 1413044295
1157143913 1721317580
287788427 647878357
654546932 897700638
1142636123 1833573999
307950609 822838718
138993043 848537406
1332204216 1372009571
524740269 1154045443
725459001 1422498563
323362806 662669865
977601926 1044122736
635427355 1950567938
19895726 983517014
213616157 911559133
1198869700 1700265893
249193929 830162424
245270627 1784966451
329061969 378896697
218973786 443383327
305640639 835064479
1026789466 1947390126
707345076 1515080576
589377469 1200518819
972889631 1378370512
37668367 1335514096
298031657 1788826257
989817273 1527253209
601871344 1194809659
1123995418 1367436821
1373303016 1586531144
1111879163 1506383799
146055444 458965751
1727231726 1976208994
975356918 1685879667
459565631 565669881
1040353611 1428831328
13531562 483223419
782441053 1698184149
1414670436 1536179143
719140166 1569093970
1315406179 1548578498
1412944876 1506447165
426569165 1553724909
984283833 1253428824
2843935 704203679
300156406 585383472
474789479 1348764184
298610932 980021526
438510459 1785283789
23244029 164191997
1155900925 1948268959
723228167 971603517
15485891 406288681
951066077 1145122523
123338930 1730114843
164651358 345677022
1063606663 1306402563
173619858 632617237
1755423628 1972375250
1602878587 1888633484
385384088 1287415610
1158861875 1289532116
63398841 491015781
138189935 1622865180
734798928 1389735663
1091418841 1915775256
72437880 779366249
533178233 1626833862
383546568 982446708
1544739760 1814745173
129129559 369795481
55984693 1033240887
675953482 1485184957
13648485 893037899
404418394 743754805
243317520 1501374781
960683844 1613132782
236028262 1049612931
1374113005 1674042593
1362705416 1449437877
251842176 290612563
110824155 1409933263
382899263 1140998607
1132988811 1255038053
891398921 1723881045
210271339 300009701
1400441115 1696821213
126737938 1132076247
222230252 1804598384
548044357 1526152927
887772717 1498343940
378492995 836708800
250162791 705047248
37811787 1955959192
48930835 514759953
974861416 1916926416
529923820 1496808124
485390925 1450579395
1738376003 1752465585
86733926 1969325727
173331966 1569092375
452482451 1653172542
1988210119 1998556941
911388527 1210742947
913734539 1635316582
1533648445 1962520221
682350357 1466054342
1023364948 1115664880
1436488715 1597395681
572582014 1320902234
1340601131 1718861246
831011096 1853821310
225021585 432171589
223601206 1078085176
15923361 1690054049
873944240 1808366599
854310650 1384186499
396927027 1043270222
65192064 1960820474
702901269 1990449778
1190039507 1722878126
711457072 934025894
153783894 778537594
130269110 1643998829
748949204 1103391450
204487209 1916023533
241774162 401574105
76955732 259531510
533888144 713877947
361443901 1385405795
565511062 1688290590
1806880370 1981450542
509486593 812979363
230868316 599239640
217794074 991352661
76472509 455962475
746413112 1384368198
480290272 787646741
297177241 1222516733
659562250 1228266074
319571283 453945509
89608609 1279091236
499738871 1287074028
153572522 816115960
43391402 910065496
302883374 805559753
947658492 1421947807
77996089 469188014
13133364 1604770404
1029075302 1733203762
512833722 1701995264
927689503 1028006014
402316294 566400933
1031852938 1469451579
543357352 718490578
329402136 1727206451
103659801 1364133721
1553577498 1823593850
291341004 1320152759
52247405 1552028253
250415002 293182444
204982444 947605635
542587450 1908497083
494642238 1514177486
1110182543 1599829066
364682182 840230061
1115094750 1266332209
243578641 1583064183
538838579 1559076360
54936070 205189056
686374516 1690654604
325717286 1658717857
500461546 603948419
101305890 780734549
183371514 1253446167
280231268 1809011991
1054936966 1396868142
1000131443 1095252114
76616442 1993570623
1551489611 1735738251
502100689 873466897
2730558 1074051313
263427129 1666180169
165497401 890139773
47249680 61745565
66965432 1379704220
22527890 496603127
1072582420 1352652008
1018772412 1278122493
89446322 1730355628
674731064 758332389
1543707725 1708995923
458434599 729328772
1638110163 1912672033
1602611014 1744126786
479875389 1046668505
78697762 336227974
857984077 1855729620
1730016771 1971161129
398724756 711280700
288707615 874177124
447555196 1401182730
376550294 948077822
1187870203 1551302699
824545991 1489421465
871730975 1740586510
840729135 1591175401
710578207 992035405
667460940 866365010
248528229 1649545885
952661698 1349130782
260186795 1624827919
14668165 1870221914
1633781457 1976157745
570832144 1359424920
666240260 1667773275
432938431 1613551898
157106834 1668498959
179485783 955382928
998959173 1903579643
1594271093 1596019749
253399861 1879440279
18650692 437509922
1892275405 1953201143
320217496 1457944251
457039224 491855906
173073121 1866546895
372678084 1013544851
751187394 1792511580
511831865 1122915536
746225360 1252387626
1337146825 1737402060
114314935 651365760
827977608 916682766
373677924 514781809
452611744 1781555986
1477979286 1709317726
431816773 1998145573
959510900 1944249624
1775838901 1924715342
200486106 736276602
458086166 571667247
836215758 901948282
73359279 314796063
127611987 1648801361
529814529 586974906
80008096 1446565753
448781424 1790423609
1275073637 1582927443
563579318 793478581
1178200851 1346086786
318246381 858669054
1355153699 1397346569
313854355 1231987323
1005938230 1498547184
398815996 1620946891
162185318 1152951440
686748758 1990370856
254736714 290269773
283262708 557474290
523599972 1920226849
626443484 1427288762
1142555201 1769614764
1690466881 1833342876
492812336 925516147
773791920 1876103509
1251443160 1625176188
501514713 1533942695
420772403 1552957083
504737925 647018416
1093240767 1531021742
654045526 1675467080
570276933 1117629241
1034929259 1151674810
1387359424 1695160311
856055819 1435964567
500893362 1495273482
1660309105 1987712010
656771765 776415537
1515707084 1898276371
1579179162 1683128270
937520699 1193964661
1143626139 1572667440
88575825 1652120152
27273463 1231798133
184872374 930295980
154344853 1719425502
1728335406 1894386129
713784593 1676877985
1089945854 1750668329
52380418 398210700
1083779913 1998617150
607997941 761044270
739701291 1399150072
426432534 1306808168
680538096 749335185
434632600 884894443
258526083 1209571514
1503568594 1916253363
676054285 1281011354
496793342 846046940
369258612 525720213
348279118 1059037715
22728010 1241470194
1847704085 1938314495
110896373 1170884703
298611498 399525737
1456757140 1982448180
984723773 1598679650
59289575 822611620
1078741078 1650985524
241069826 595451226
1575438574 1754996116
658884500 1565673339
251087239 714650511
532046155 610713849
969693813 1043595322
1399581 698191218
1327405976 1618034307
901234614 1631134192
1491481342 1805545247
180976889 929659797
317029414 1930621866
803139769 1623833878
904139614 1243946416
214004806 1687386291
264922466 1059385342
299443148 1502111503
186934175 1896947909
295633913 849120897
595173190 1054983314
188813512 632437167
767937249 1213669482
1149857640 1305788223
777882094 1882976769
1666162993 1772533475
896584240 1991171473
383091652 573484124
930518634 1235705507
376640685 1128554405
282851875 1392278782
80431757 1107875991
429734577 1418731891
446058109 1972592181
168562928 1032024666
813886322 878921512
511888376 1704552392
213366311 1877459428
282263967 610286921
883144466 942424817
74500129 566031397
1602695013 1968411913
705737008 1825803226
10203241 1764661795
168055556 1469202276
643813279 1502773055
136143323 524036257
259938035 643562846
364134312 486346918
126053063 648468581
87441576 1318019009
279531684 1324824118
88741440 1572432264
554813283 1754012866
48047668 319158032
782439338 1249009256
1166595753 1551948968
775045607 1964136647
102078494 528381653
143741045 1614081394
811103851 1940041507
942568875 1176923944
525504851 1712666944
904296101 1112244378
333384073 825563248
50275412 1172276996
850629894 1845994928
253606130 368384163
133244264 1046047948
593653082 758855577
4244817 1080440720
667482501 1031153210
704388956 1268646732
675542 309338931
1349329995 1842968262
838975404 1339298305
751592592 1816980173
1099460089 1473824639
1119431861 1998533418
968027656 1813267692
390985074 440092381
1463697412 1815803380
494177400 1786887226
1514896924 1850302423
1829011131 1835316231
788512202 1058051889
396684508 1307860141
1250301192 1438823850
852309986 1753893930
146748188 1578655323
105862169 1907331688
467248604 1267282383
1559730277 1775971834
813634744 1922971283
978596899 1743652444
1747889413 1901561638
197395131 608409107
1544655209 1572717451
363864325 530409809
549915438 1372469283
11872060 127781239
1240719821 1332340817
122992514 1228789200
55039973 1545229806
421241295 1450144343
1058805605 1434906209
636324222 1705508307
639699300 1780656405
290674528 1976173262
1114400928 1421008813
112550280 1525442117
442434616 1249372140
533986272 1511129276
472235787 1562597186
1113703489 1568025050
362257535 922704363
1883631558 1922155705
40935179 1109689936
787886634 1637803310
1060777525 1346798797
1523318459 1566414966
138077822 298836351
994931819 1886438686
75943089 152292095
1573802143 1865189268
332323862 1597426820
594197524 1200647837
504942538 1391263260
350902877 355465263
1023765390 1584893658
1646376304 1678514886
1205873345 1468948478
405761168 1223357850
621174171 1685388817
107354907 737168588
268639441 1479402440
395237064 750791425
902380315 1771701463
178801296 1417968986
641921693 975214172
14238710 1176514258
478670528 534765912
988408488 1244584763
1538411407 1733233857
1085086619 1737127449
421790057 736550234
41747559 300339490
554872320 1327354864
419456015 1189038915
697635433 1409519156
785979237 1135536962
541484519 1226220906
592882107 1649554931
836236765 1858730084
10749365 1218088882
141347124 888101877
265161680 827158254
293955368 645262151
583216790 1892155483
795121466 1567361158
560411100 953233309
548262902 1028376589
149324136 1983474591
1314653102 1888363972
3384946 1732969240
688384029 1731355465
452912601 1288931858
1362623050 1488836322
1804734555 1882993291
1093709789 1232893258
36759468 1023535345
926404286 935868012
1233287272 1410956398
1044202460 1468641487
104541926 1463888710
878475789 1433769845
1273454206 1507974823
398780293 925906625
20998414 754455031
94827298 936154901
1356397299 1520680906
98699754 1590925361
457376838 1542112143
44191223 422546759
1526781764 1676651456
166621122 1013416634
11986004 1185440510
1190970244 1322254541
722125660 1222343374
294873022 1827190610
673183728 1103661128
1587841118 1677354508
1318883923 1470508133
463564583 943329289
114932410 1477098134
259889710 918717967
390571974 707381017
398360483 1555053162
1639520052 1817523121
254774179 1136951557
73599641 307505197
1269643073 1725757342
123266272 919908368
456547137 1642105039
812298597 1540936644
933023516 1211705117
988514645 1417274302
1601353235 1674099997
103626272 1559400493
33690990 1071159591
813430867 1467814119
375127304 770362928
167747546 1889917146
97327091 1148211719
778148302 1841670276
29051891 1772364059
678891778 1508974385
1507530527 1716712741
187922597 1930342151
453721691 1062380095
729946614 1008052372
459173282 761326983
1122064857 1817973172
982780737 1159451375
415349819 1207685951
875535228 1087540081
291699398 1676495457
44578090 1542907907
1126743160 1865410545
644613549 1037195770
679335680 861686199
419546643 1377956971
342944030 1791653671
634601177 926028126
375124492 788470618
1370697456 1427493002
390601049 1992780712
66841868 1313625710
154944901 856926990
607588785 951171726
205223554 1669166025
612787126 1298860344
1007129651 1309561765
520125643 990421595
439318723 1906795251
1314285745 1996485518
466384220 1993959536
83564407 255347866
1179798299 1199886163
913278458 1889262962
279791379 1900825654
287658201 1461536291
1089958387 1512832532
131940106 1599822399
18193580 1088196453
676637690 1203664223
1210291661 1425733508
117691333 907738975
641193437 696850904
1681750982 1790182100
1455105316 1552295796
1739033759 1780807686
758547299 1721445468
330661988 815156251
1338205288 1854707430
1799328490 1803189764
883461222 1254799872
205011436 342690852
380867607 1193095297
1814755766 1949678878
125856818 380279811
675941487 1847763187
128464688 1425441609
325238691 1795606614
483133104 1515930601
925313625 1318035276
1364352422 1633533214
242221041 1229205894
346342033 608954844
615852343 660133918
1496020616 1939576706
699753011 1447958319
302376774 1390265469
340591600 1182623229
885333630 1428138359
205998176 417772912
756604735 1366372022
907212748 1459676665
717561331 930374222
313017227 1672659948
149782752 470305832
912822992 1027025428
1240063813 1785716533
661705153 673471717
519286212 1780369691
922228301 1126257651
1282394199 1649710011
1403768932 1611769844
1155615626 1967504139
683909768 1965506029
438073672 1574046212
1673874690 1749851285
68853093 278717709
458619368 578249861
373999169 645859418
485670321 1153405102
965878465 1888972395
781940445 1779972159
248236869 1315565357
1337799278 1915471042
409833996 496124974
12368151 1175470254
462575833 1087248887
407850938 1993340640
766243992 1637093714
430721776 1518262032
122988490 309613718
1507122705 1626124362
70607552 1316077603
327498515 809180567
167550658 1035605565
730103025 1970589492
309413449 1655401655
327816992 555992255
234715388 1394540294
575708490 1539426981
197646137 257075707
126434447 1836514179
740885677 1675258027
895964835 1410082861
1219850332 1284674375
757293579 1039331248
74097197 802837196
1876459561 1943988120
929607572 1378786157
625110406 1099999288
1564488056 1962908695
79749500 401974343
315003626 369433095
561245337 1287048140
580497330 1352570780
407099201 1291962810
1558799703 1959982238
690594267 1389955164
194158908 1120435602
1325403884 1381204603
268836491 805644930
190249290 1757890556
139295044 205797314
4694876 1179100859
448199950 1293888014
325947972 1106915031
290573004 1468775563
510163189 682736396
793580680 837640578
128588103 171308412
1485107206 1816736722
705249691 1204108555
25716740 1903235011
596699710 1936294198
1454756872 1829254099
1343726236 1873588517
1218657101 1305531118
231969401 523830324
664933773 1983128415
242676301 1097110268
1096896117 1928799197
1080264528 1236985644
1018580433 1490178102
700012897 993323721
1030740200 1545218809
1057807691 1665809866
39476634 592667501
163641556 1618583986
88722445 489636040
741767433 1274885317
431027749 1530662872
691358892 822725707
1553102785 1594582784
73778260 503290976
1014924008 1648320596
755917770 1816516033
198665689 1293979386
633273729 1532579660
161833656 420208734
631319649 776113237
181227266 1213813953
104341297 1783841159
961528336 1913688621
119489271 881997646
287885985 831882987
436993450 486614773
227243304 1437089426
406566988 654792107
1531615259 1786970418
3159492 913967645
246688294 1677460243
858726104 1719297438
293568778 526870519
1139264884 1501561239
452400394 640285873
169609447 1124459665
342297484 1599309301
485413464 701922764
164407817 489052190
946366134 1504639808
594134698 1043305483
887159571 1783097792
675214905 1022618125
971334012 1684900150
60507290 1314629993
1022223537 1388797360
744528491 750059822
1017315885 1545285543
969709008 1252076729
871704317 896265288
962815612 1069621347
1172137234 1613357750
626611326 1659722394
536438088 1053830262
1614648832 1621102781
814153948 1117057011
137668115 550454663
247369984 1880889192
1487721560 1528639743
869443030 881320174
137506577 841204368
1673396115 1909355053
1187948578 1787681259
676224000 1525729819
785584225 1505094114
265555477 1480584807
403074473 1401168037
58411371 399900598
57540638 1846492526
896183835 1218058869
1870561488 1949727925
909140984 1282695110
913333750 1873368445
38814694 1662987374
524234158 1331815901
905303325 944978812
519327509 1704543011
1013052540 1136554636
497226561 750128705
1128942573 1311706704
1668101906 1923700327
681839746 1801804689
722817702 1841821299
1910313757 1998234278
876727481 1346077362
226300934 1175317597
621459304 740967946
1217661801 1780974456
700959416 1241328095
72045310 1934356083
900942267 998012059
239173275 376924150
809040423 1317399923
999329498 1236674054
11150340 1280415292
1417370931 1843726279
890891645 964192909
291436711 1781381692
1418706167 1775694108
598712158 1152565815
1026794055 1245568619
1351922115 1872143552
471013326 1078633751
89586738 887316629
1258198001 1301622520
46001336 109883337
1061220193 1228007742
1017636785 1996332921
914500984 1463424814
75612143 576155554
860654805 1818533808
327301476 1115391983
1646091930 1935733177
220708153 1284400005
58985912 1284296444
64884711 213502173
1346664321 1805569651
258613448 975677144
4410899 999483512
202390250 742858701
853430638 1975060599
1518545096 1544187408
296498838 1602511197
1090220755 1128778834
1934409638 1988812771
25319442 102963986
294728359 1851201792
923861846 1774835345
32414317 40342862
1116284151 1997754930
1176165328 1646215766
1107843986 1136121237
586031299 978250570
600882345 1093130646
699742138 1666526032
543245048 1868188343
805537567 1499645845
726207423 793696152
24741602 1121957561
460928230 1233882635
159797365 1087965407
1405062433 1731562307
1104580219 1185830354
400192927 502356171
383078378 1486692800
285372476 1308036027
1077538964 1856769874
1309256795 1312193463
549309891 992266737
46016990 1309184911
195524485 639855068
64395476 1287341800
654145221 1094569214
748763676 803402418
1320704466 1757939560
384776590 1500511263
391028825 1933145271
246148648 1096391413
98816402 205102610
1458013262 1881685562
1108665430 1457231804
407611657 1664752998
75965543 1154018484
763865952 1992266036
335253861 1959769821
165394410 1971481124
874803604 1144675923
572059277 1604295765
597366876 1990493459
223393065 438851185
99365019 1733832783
1142818829 1851600576
1191461479 1376373047
1115779424 1256434237
779819494 1181723670
275158782 1533793670
943341674 1511985357
107316048 1834939688
305550778 1532206039
801690101 1835659980
186138291 1481892800
285886348 1814488178
93062590 354612669
15101567 1938396835
1107349338 1949003930
524004494 1780817600
1570465901 1706616870
691682311 898531301
605614205 1394976264
1385689407 1712828480
685453406 1044445389
443936341 1936185831
761907662 1200954585
259297375 994310349
684988527 1463413640
1039270986 1529773196
201926016 780319244
469377231 1011443926
1007544400 1340950540
1049690259 1651513726
673868224 1489747818
882132557 882427305
361110157 1062277576
1482955289 1764557387
565126044 1158945080
216333560 755703077
1073059893 1942957062
833625775 1708797266
1491946276 1587665168
832628935 1135159981
934797261 1037240107
543785371 1593425030
367176536 417294962
1195104605 1845141816
365714673 1825301552
616717625 952140384
670590003 812017244
998377963 1764194648
719467463 1048169867
1034856826 1566462232
115122259 1327138076
767943519 1905601858
377281662 1950619823
795463058 988534129
1296324596 1702569441
955125540 1419928315
101413335 675856552
819606626 1919742701
410809243 1683726490
26295676 1967372230
244416321 1825915508
533023057 1319300506
1043431270 1957103873
106817881 1920745028
134406415 1126945042
4373576 374639949
1104021051 1131714505
610395355 902901084
116866893 661195422
51063052 959140492
98508188 884454650
641430478 1990334295
488589457 1312372920
921390473 1585824007
1078727815 1646588714
1581129858 1639984259
656524117 1618007099
214086327 518879943
160937383 1494789052
277580340 755636151
1526094804 1963250012
519537679 832573338
1271862417 1380641324
601517799 1860088626
1957417719 1980231845
602454779 1661672086
186859055 1692055781
779703349 1607539493
1409992293 1941797588
760880960 1261323505
1478369585 1654785778
1328802226 1366472227
330513536 1416686273
123389995 1552893739
62635039 1524739130
588615413 1514863960
978013304 1802790025
662271492 1997236721
512280050 1867154084
732289457 887894993
370348688 1052520577
1728386267 1886823724
398241508 1845007030
1215949934 1679699388
1298770488 1751641428
1646930536 1694635555
907490265 1629082492
573916241 1314613153
408922861 1258534136
240838711 1047297744
537938009 1153244038
1003978228 1738755308
939503860 1669866754
534969792 658700270
863401467 1304846589
588232663 1732702070
962145528 1318314199
441320983 1971625321
1252833646 1833424540
749485317 1940523096
1762466503 1835003133
82158329 1440997536
154264442 1334047073
1345251393 1377269828
827877054 1485510684
434195975 1383537312
386867320 1912760347
676107962 788402143
30309073 1738007362
402374968 1189180339
622927521 1383389367
1107728414 1823935575
753657997 1583739938
334955539 798464230
136498504 483139435
641992743 1832199205
660184860 1845843493
40653821 242698326
1539405430 1971670211
1006663537 1145399248
669894959 728207247
54911114 1722686110
46946438 456470938
1230595680 1802902492
1486990108 1801962693
1415811697 1566756348
1350407837 1713599002
1102114763 1286331358
297618831 1906529468
405580420 1813601404
663143020 1925757676
45545069 663741483
303268763 538862987
721727129 1933566800
541621401 950244420
1134378484 1920914600
959457383 1605168640
89904770 1047571351
1388762127 1552920142
992363152 1396526062
659455831 790622857
604925715 1611615124
990483491 1309967604
10886831 494808246
107086139 808137863
6560570 1182784031
84134713 634705325
212891905 752993981
873224060 1935436219
946782136 1684265477
125218731 1804119516
2754274 1033186759
428264230 1886103240
315984038 397871685
1446394686 1875704214
1312964621 1828266304
1228829575 1970278585
406328051 1396563069
1057577832 1118213641
711224986 789662269
1090272406 1744103802
245613997 538729680
165492936 590146829
490947552 1054267829
788446844 1191287869
1180847437 1766600055
468894864 1908713747
525762874 1609558734
33592813 1035071604
600948933 1754134209
590063533 960703683
1187926318 1606044921
1131511409 1194758623
621645296 720150265
183478629 1741322015
126864958 331859475
92844860 733569609
457348905 574439078
1305523395 1521810305
421788937 1217404080
24562914 319075041
1493621095 1779124273
12337348 1779641558
731996966 1705647872
576226490 635417999
1712151741 1968102231
872683056 1859533514
220363058 1259868382
1224390224 1395860515
210658037 1392148960
1016187853 1373437134
334525762 1849772481
1536890946 1626062779
576584176 1331412896
1198267872 1811657709
168298367 500816124
537680041 647282298
671634374 1116018641
516236966 1714951395
1237872858 1510522512
849803114 1410842116
680558026 1020579491
199525363 1385181197
1179036017 1357407581
183134859 258860454
208681173 661850558
1027498604 1204719181
149473982 1132497191
573980125 582329798
796223300 1531575879
672848916 1744977314
3288494 956519831
1201519680 1415409350
61952768 1760169937
1406031132 1999480577
129586180 802561394
176829431 295327077
1179603317 1811354923
844626874 858893814
721368901 1829101508
549151563 994220205
688697695 1053839772
761573483 1191452757
188541966 853179135
1137436005 1662425734
1375712677 1887719246
1367805099 1575892560
269612476 1873017174
1079103943 1531328166
1494440041 1536413963
406173988 1189596452
1634150429 1916344144
623210199 885124511
191538531 1459685938
975940491 1061431052
1261151995 1996054428
714202003 820160028
685116031 1450963171
89702804 1889889162
199668635 1165664629
134753093 608071633
381776416 1790940666
262623573 1856243161
480381192 1042601389
807273833 1234372780
205447657 657288766
975598973 1232163074
1234755722 1631333106
163166566 1250602119
1461004627 1729959166
731224647 1732590481
638176334 1434402870
1238676181 1374851173
546055809 1085419569
858421870 1872577476
490810032 1711263639
307708596 946928658
402897890 440221840
379041139 930141531
1164465887 1356428521
239661920 1918735010
940622176 1354347257
586519951 1774751699
697312880 759269867
102690536 713312935
1606686829 1798486823
557513747 1582674370
704518316 1707963278
181495898 1097835938
832758317 1069987301
856900346 1236190497
1365222408 1434939928
1694712864 1750133822
425778818 913816938
1328426273 1890151787
430174314 578089771
94508369 1376544785
844523585 1128475535
40147173 238599086
973559788 1113678955
943479 1777525677
639509371 1559275425
846671735 1376515465
847555376 1015448155
589240992 1690263351
724651707 1647089376
356972233 477552809
491177448 536980168
193429226 1630845060
147247409 1936135981
1525310455 1955417269
292665169 1088170634
250628074 1130385944
245407927 612275004
1193529880 1284183625
203026737 1203955826
731330990 1203031679
570329250 1333278522
1277305263 1460783927
696110778 1794889058
213844178 1983128640
799765115 1480896319
1367103736 1755883435
1228120831 1637920769
14781268 895391834
384570376 1899778040
680875396 1316810778
66573107 1988192418
1285444492 1759807062
431260586 1642551398
1146825884 1530398001
448065611 1041339688
1211098555 1265019700
1906041242 1947806325
1457030432 1929460136
689874094 801350989
1793259790 1830431732
830006360 927147758
101427995 1974589584
1217723312 1804051026
658701682 1593427951
409736191 1940688128
254044392 1620083137
495429010 619970984
419287967 1847270292
490162122 1590316430
10569226 23384459
507558112 1836115546
432365350 1753015530
180632603 1439217028
615334633 1538274610
820556717 1073832364
1298801102 1806068825
401365724 923496327
520351941 1297909824
596041887 724390475
251408928 1135776053
811883063 1053569566
325797665 1721447241
119961004 545239789
595670034 902680444
495981637 1795923025
432223501 1946010155
588817193 1064010305
346936899 1023132987
266945809 1555018645
921562056 1537189977
131441076 1551423427
551019818 1061496201
415381527 813325118
158370815 250907769
957314228 1613807000
311092696 1750754093
16811220 296754470
830509087 1894332125
798669164 1171792051
1346030466 1589708088
547997659 1907915152
537845772 1908773900
1532109820 1634814351
856826458 1585997247
1831732442 1907607797
10913838 1247796979
240265685 1062741426
313894745 1789649604
1208651743 1330840456
1398304913 1953004010
278116284 1908761226
1445862108 1874043848
197257399 1133611631
1173499709 1741619036
133495175 1513118430
1886538496 1955082338
162391622 663341823
16863408 619963989
982704491 1400257105
132735765 786900119
387453205 447713447
1386348878 1431454531
674768607 1279217822
1398818059 1615581409
813643069 1153541236
290490059 327534324
287989790 655723138
613229415 1763957405
1864594587 1896611413
286596216 827269016
1435258088 1639840044
212305146 1096874112
207078868 228929122
7602381 976083494
207622496 718025163
1112837859 1652493094
103342054 1726470687
315703725 1645051191
201095889 1050352861
1083904834 1563332708
589279706 1163223004
958388566 1973222587
417809100 1483082920
267167492 1087860761
106302523 498102259
112300805 350428725
589056105 1943494787
571776932 1817322431
1343917317 1866881062
192915754 687413552
421208474 1501198570
894827363 1739435929
47145478 1041215475
601577456 1574630367
1019847182 1359257736
1213807482 1409773025
1599283669 1823398132
144074695 1515869894
686467043 739792578
185462058 1504730351
1469721486 1485470208
938400227 1238360625
200971066 1323724269
153403837 1366208033
820552583 1367733741
599964427 1430839547
507058778 1539279286
1443346017 1632794438
1558935449 1699192442
1559613630 1583626297
60362589 556965823
168966962 1350086580
633746879 943351410
330245301 564918221
1358447968 1782362408
1488418599 1531206493
246419872 1704209831
389958678 1403143725
400901053 1974921756
824436482 1238282989
788577518 936736327
1946322401 1985482684
870691982 1607370424
265809477 799515424
312433295 855775553
820495704 1543114293
1031228881 1800224794
839355322 1185675836
271959981 1179854060
594332946 1692062903
899251510 924223922
62601169 273061137
1094579844 1122313244
970767470 1555767283
355960589 1873083046
909733792 1561217134
663587775 742628713
490409608 578486807
138422477 1667947623
769220580 1668282366
268914579 1880216237
385977837 1818475967
1276799285 1466676978
595837573 965691359
1499175157 1579659198
619945262 1469081699
1081067929 1617119615
109050231 197007799
766169952 1256791802
997238973 1496365711
624258562 665102938
401411821 1916925238
1611614335 1813051603
68638674 1150669946
431189110 735977337
1409695811 1833977912
397239349 477273311
1065896279 1638225052
596360965 1126787645
17976782 1939064436
1063385977 1973517133
508944 1301228379
1112484905 1981337688
1675559152 1968101864
319114134 1145744329
361344051 760787661
141157445 584424582
870208426 1561131961
709332794 1517176851
906418572 907082678
1264203818 1704422844
648988520 1810075747
204149590 1101558525
610989726 1425816073
15871288 388698474
396369454 1763357633
426823939 856081699
1084346504 1282880701
629655135 1183722044
42953311 1484667243
199363585 269810302
891576915 1599510315
27112719 1849159535
894318866 1134969667
672260671 1202679016
1048188398 1221350786
1026288489 1745108474
1620859479 1644276048
635571370 1616475101
26283226 175970427
30629944 1621779660
545007354 1195076532
103294874 694902410
238580605 1749885640
85370811 1887433242
1209454728 1452051298
122518833 1598801381
437449400 1145907367
1002043063 1835936940
1370025417 1910642848
697229072 1285253318
47914505 801376835
114851615 1897230624
271749566 1478778043
98208040 838850969
493839209 1518160211
1796475771 1909478286
935459225 1760646218
685958800 1032656974
1040226951 1832074582
294860546 1121930652
324195176 1778361951
342548179 518250752
1080374716 1390583286
1325194904 1915426332
387780616 1442363814
137545367 466491046
166353128 1090299381
1496133372 1954585740
337939924 950948483
1035627925 1661975828
43243581 1841532524
1474399103 1599041791
1460281164 1847709432
3564470 135236463
712831507 1394041184
1038371778 1605182466
510952402 1100907011
879826114 1777973583
122507789 992448161
1344171997 1911699710
922304325 1355533397
711054710 1782917431
907829590 1098844950
1181392548 1191956029
185142733 1221162155
585512414 1976133199
458972750 1048826320
1045563717 1852996671
443121071 801011873
1023195723 1112043667
1687520434 1986529353
114702993 1300920817
888272930 1318546649
362630296 1580129654
983790349 1945664520
370534311 597163249
236802833 1996387908
1192289543 1519081349
142777079 1066269775
619476820 1293471763
96426131 1601771612
766671137 1413233334
369291825 1488378166
50190061 1139229449
905450670 1882422882
1083000715 1587124914
634002552 1682431242
368646031 1169277511
280141614 810916160
518213114 879290014
508741840 1422662367
1617922584 1863516570
1862390635 1992603260
856289791 1965308376
1029184144 1044152632
284723206 1859479476
975707919 1947471375
949435883 1713204930
1885212142 1998385166
1265972754 1688178495
705666717 1936231298
226005064 1732678343
836647238 1509646062
892089376 1179606769
392469322 563401737
595690058 1176883480
58638929 251386143
546723534 1253589671
655062001 1839853966
440484149 1218722512
1179155245 1601549240
1089850854 1289710243
65800351 1450998073
453308784 1601625278
1233735592 1402523973
1536981123 1648684901
192291736 1114988124
696731939 1054951713
71511224 1202545443
6236493 375367733
367750314 1787368381
1225099338 1805828706
154864516 1175650739
305026161 904822069
27837962 1533249089
107654765 1483974496
830820848 1808625592
1432756626 1757981400
1434221986 1646063156
12149972 864086156
1387884672 1799679295
1129260876 1622552711
1732924934 1857044899
284857777 699859026
41772146 1443082916
133966697 328727321
306470712 898771181
25659641 390196454
85264546 597291615
41301490 501464563
458270596 1945185821
1165140574 1188319392
715520842 1977973072
303483657 548876667
93524993 144632179
150003143 1305591883
81544916 1561698491
159601345 460379866
372890827 499044611
1381775717 1492212267
808647369 909436110
649775983 1214127378
581414209 1405519717
552225276 702092214
393742690 1978714441
156346684 1611679907
1568002334 1776026022
852604763 1154429719
689215980 1442359845
88962251 589161381
867593152 1778163671
1385379549 1642891024
153461748 972314606
1614748486 1764869293
1175872546 1952750002
413343288 1205899231
774747283 1138967442
302784335 1991289466
1061885601 1147850187
574549962 834092103
151717924 604567005
1324630604 1407481405
783555322 1903624810
757867753 1797399271
1264760167 1384477327
389934379 1992003198
1089120963 1223331019
1749530460 1922180264
34038066 1950212866
612354669 1511595551
786392692 1383243614
1371544490 1990678419
748079145 1993123199
895403520 1086246084
222218983 763990770
922104306 1759256191
1230892077 1580043019
1466882473 1474810525
586304587 1712268839
515119873 1002922866
872361828 1850111339
393192774 1880767037
520479450 1290722154
1290074090 1458641654
456601860 1165586645
308389770 1665430290
1132268398 1442328107
578267552 1976780384
1227542162 1778238492
62662204 1170390162
988544004 1547639454
515348432 1561439121
396422647 1780923271
227523720 1298329337
745756503 977637456
1135370946 1943501301
1389202916 1518783716
145632805 1404619966
358683625 1519109897
36930090 157486760
918991447 1586661131
702019556 1921721439
639420117 1489585376
530046035 641192887
803638834 1679637079
621069431 1189012033
1196887160 1228004916
745894811 1178438598
1161750864 1360101915
237888649 440028933
1392619337 1646566285
1034542291 1937483592
596985678 1653103498
779939930 1298322332
115018164 1780651388
1306537490 1889754508
1203684527 1539434045
367455661 1486045889
1539198335 1976481566
643742686 1782821015
925043099 1822933421
79782530 1203533990
1055631612 1494512396
1678378898 1824518950
863208422 1995595352
1138381761 1267547061
1025067438 1833342169
345056506 1864654405
130927086 1214821095
775976969 1665325225
1007629135 1929277323
1240457877 1774679936
91189622 374216334
221427396 361314313
282808809 923422860
571945993 1966879885
573085219 1807889137
524258749 1018593251
546776676 758613085
32402387 830931652
1413052243 1972989504
1180089253 1319216746
369138314 1297320245
114839821 867795628
295606900 1267354021
503640315 718736564
776078701 1962574583
1640964548 1968576962
4694001 1392924291
273857147 651797371
1308164255 1620092207
652289422 789361632
632911138 1806310307
1237841394 1253649009
990909238 1044784974
674968479 1910815103
1211952415 1388807761
608513521 1048995284
1078213729 1433162769
203352054 1903241715
874111538 1872741495
159479182 902311740
1650116338 1733523423
15505981 1724140593
696341775 1081020119
1104674998 1442505611
164453898 431440717
127808425 1026520452
1834038485 1919577774
175091866 1943957136
1248986222 1262373981
199700280 1597783554
311060060 1016910518
847799373 915999456
1644213481 1924175257
104322836 887757605
202043565 443021416
329204687 1113065885
44674385 1362045178
471121600 1992247810
339477458 780040969
1194924812 1675031722
1188438206 1390270466
109306599 572659385
229229901 924338240
123652364 1421349332
279931690 1207058810
1404348760 1650526541
36587311 763367099
248595711 274276417
179941511 503508436
506788885 1889888873
554897542 1108040117
170039938 1217499774
1138076242 1658771709
108530789 253969871
822199372 1851821257
220898958 949787125
484809846 1484916228
390465138 1926199672
498722167 673199542
653271727 993964947
22976730 501373001
778751488 1288870837
1534594293 1868854510
918989062 1635164800
54275970 1775177294
535390416 1600522558
193971711 1258170848
750217516 923416825
250876521 748700126
672345163 1275418600
175956842 502764791
724036055 1225681006
798161193 800141837
233155428 312445528
970192767 1188578800
851854657 1756914202
685421707 1316719687
1114977010 1762783734
909936185 1425141443
872512259 1464252140
1848259105 1994800672
178267442 739171153
273685456 479397895
633639781 1077154638
533459736 1668834467
774800980 1489370076
17508530 1723827005
417312490 1940939122
1226476839 1999696461
258795416 941937684
135772580 878567744
828366642 1773725959
408503466 1475012700
1914448946 1977834125
400757067 1637124112
1201076091 1580057283
362620215 843105958
464700655 748853357
39593880 949957778
1214684048 1702883124
592885956 1702234844
720294504 963110579
251112040 1545365694
667104289 670802692
504803977 531083640
460539049 814114391
165947487 1309527565
1173732844 1828565799
374775472 1191984848
362266404 1652569453
982357262 1877962034
1141708354 1476006182
329202281 651806709
396203689 1364655571
131811021 959207806
1188948848 1277342719
1288145492 1655181234
766070691 1076591495
925227634 1224029230
77662327 676981071
1345839674 1458065386
12147773 1865642964
106586805 590776822
38385528 978052856
1003422647 1599034644
156806012 1999655870
1764432701 1860641342
860837049 1322817285
454871132 1915300456
729118908 971339493
1077403669 1562952386
210638083 1786832896
965833536 1720571121
944453849 1508156268
211987633 1794027308
904155954 1746237777
165679973 1847861210
604688601 1307992220
272717746 360129966
872412235 1023107441
42057053 325391235
459295575 1006294675
496840427 1294342297
1632168355 1734083273
837848630 1654579042
144557914 1614728525
127697231 1408974100
723038789 1282214100
638531870 1666467339
402796663 1443364930
580871020 1077515624
1586198269 1816796859
1936948027 1972151002
320510594 1274079185
1333700955 1474480761
1022212839 1500045372
688109152 1441367515
377723169 1013370346
699583948 1722384706
404666821 1879712165
1363279523 1681444720
871633096 1529367091
946703300 999074152
1402205639 1988857718
474138706 1889959225
268324920 692863725
677464424 1608691071
1054239779 1502187501
539500401 1105789523
1307881939 1465479856
530404330 1651821337
1576751109 1615300521
224393599 515047186
45374011 773831862
912934975 1443493650
126376190 1320317056
315227832 458405914
1735441248 1763443448
735953728 1499288738
1812698043 1973494557
1361930645 1574535489
381833623 718613728
234044821 1633564349
361509023 1904381955
281556716 707869038
943142975 1783476613
849649725 1777966263
70089846 466687931
155614086 1926259397
328700185 1892640296
232185431 563035585
1378998301 1565011014
18761212 1862716923
163449408 439882203
647573209 1482251368
688159163 1034236388
57880182 1403590683
1724753045 1782956392
630140160 1846056481
114509964 1756886135
1226003804 1525120203
1582752008 1615517717
563787584 900788414
737140464 1107888238
648790284 1554903889
1077612302 1727460853
935886255 1114217031
1695590791 1901530690
364202273 1506921614
1673865542 1800879978
443242901 830477421
717512134 1617938429
185717896 418642934
507104647 1972115571
792336020 1438494869
1213469391 1621414019
694090016 752274752
840604166 1910583403
1371090210 1462067226
758923461 1306212730
532426727 1726511220
823631775 1372955658
1509175602 1683556920
998164871 1398581626
2934428 864096375
1470850772 1638360245
1829007848 1858776750
878022912 1721049300
695283569 727136222
4617759 517154992
268916283 1809303667
398428276 998653190
133729086 1402284368
514213664 1686102253
125359765 1524092523
339303972 1351794343
379486628 1912187873
1175825129 1624503727
766474385 1170593298
241973423 1181887852
46613879 444212207
1599640117 1995006459
488936998 1039272632
1380795703 1486463753
469824263 1630817793
1056254703 1822548113
1268780290 1546178432
465870085 765125265
295391180 1108016128
982548322 982590407
991523850 1652896855
1287608123 1436707381
327953294 1863448177
212834674 1540526192
1257544850 1434726249
825073867 1125157192
603369273 1171500784
1280783654 1873637495
441702738 1594589184
769968347 1261880222
887604026 927760338
200983757 1118952529
1235146706 1831612146
1153997326 1280224614
787169129 787943192
763740027 1151522979
534419686 835687952
203455715 876463902
807073803 1135034002
166637790 436551330
976301925 1329442550
127292054 1034032536
777988222 1788769333
761449586 1236162417
638507559 1304091373
805776858 1188099976
1235301012 1550643541
1029692111 1314385223
1143634333 1317355385
585539049 683982308
983176812 1640427371
1250737681 1640173462
463765498 1070446202
147560126 652573171
116323253 1148340976
831223897 1052368675
1130614944 1395697856
523674197 1921542471
1073938483 1283082391
626742837 1640428906
193561067 934029113
1333101641 1977017238
1607425994 1690403902
1691599364 1800617134
334321379 1691283275
345388542 1894918567
738152179 1282314046
179859967 1563588713
1013389013 1712080488
253239573 282907447
793647213 884202716
254244722 897960939
447808989 1462121459
498481372 1325402330
1348543929 1519688668
537398813 1077282762
1061815294 1858459922
1619812824 1972189944
1027649753 1798324945
373023570 912193452
639273881 1532446305
1268854751 1744794900
253367489 1173063115
249518500 1939816802
597699422 650726976
354510980 1059347885
8400882 1689285836
1256908607 1697888400
311822945 358177046
963024587 1972781992
529566427 1833034750
1298225228 1493268180
759087138 1960970468
662083096 1974336422
1058281239 1244588407
1021279743 1871895881
816491132 1171297396
541715067 1710839187
1329787029 1720836462
48169423 1673300841
477834443 853047187
620039972 1481473431
58951608 219670432
1069350780 1619709007
871641102 1864421516
433286822 1020010055
866189186 1214360935
513167468 814960399
31092398 69010329
1679807180 1737885691
1637645754 1690721588
290144897 1475501182
1233179921 1299328905
1919651519 1959845673
668794222 1394291503
938346518 1706419269
1230059818 1524781421
1464983844 1892998588
848139146 903596839
116570443 934596851
1166727118 1595781959
514883561 1465992765
976307739 1392444543
174464272 749674951
289658369 1869297502
1494971914 1618604524
658100337 1953228343
522488852 1308009934
146758168 241368227
630537705 1490331900
936290731 1431974248
60501282 1828696051
794954070 1702701978
1132645593 1990925804
113586985 1687831585
1070401795 1161164099
310927534 1556868835
731240809 905683758
349801245 409914834
1441979759 1800392207
230459448 1339097025
215203748 1281027789
1187935958 1722363597
135178920 1405022198
632012670 1767059841
542769068 1774896003
333215568 1003342685
1753401033 1865557925
819996400 1255706814
1186151938 1823564125
431897680 1160531136
1059949942 1438736851
481455426 1317175878
629910831 1112836191
483780809 1181409217
483665428 928553006
1245453997 1687544133
420495758 1722015463
1090919402 1612619292
464179003 1208593589
445828687 512703719
1926376598 1969337532
182125986 1453213251
1057189516 1965777508
161450832 1044745903
439144412 1736823176
846317411 1470146150
564649208 845851437
378803386 1808236335
153614270 1675218687
880763514 1846233853
701748052 878651235
335987410 1692082200
1436473775 1767704182
417706297 1692572496
197564002 1224313089
585571349 1678795647
1197281386 1280394070
97601083 745190149
728839406 1925739493
113269358 807255172
78955074 1318904479
1334829430 1675822666
1123959405 1224998030
904590359 1780733419
941246077 1375083661
433605810 1130277335
335883466 1361730388
454017765 1885787712
843469325 1349985506
1592891855 1781672203
1069620849 1318275768
801138973 1073193916
632544619 1841078450
243013160 1057145019
1245948278 1639244064
1152778185 1570583972
1620504622 1978797846
1403974115 1977113381
740941969 1380132973
413099116 1640757445
932939236 1382834527
844151807 1648768924
5031214 946982580
890125521 1962859701
1087939311 1788295336
332684216 1386224236
1224258792 1633527994
60890594 973276042
745687191 1150304453
238090575 431478478
341297624 1572351002
1072300497 1710985100
233700577 577831906
680109672 1799685972
487993348 1267147252
382000959 430250091
83461574 188335816
1159123364 1944303664
167812352 1437928720
698857519 709664173
488925084 1612968455
12855779 815373440
47167673 1060155804
954259738 1488767468
108841482 222495681
983679868 1494651577
437559924 1627103876
116641984 1838271580
187376308 1199382938
1348987311 1997923610
1130558869 1140912017
171224236 1364295687
770504147 1871250277
65251384 1230545021
223045939 772529605
550841095 1128522001
846794054 1873111206
1017911568 1226841081
1322996851 1938365230
91002956 1975185461
596751591 1202183478
200404524 1385593582
117889896 914541284
74463047 259469207
520571043 712652201
855299287 1664288810
51557151 1845292736
985794262 1680130848
209730445 310118281
865785871 1809881548
1539709459 1846939799
1369199211 1961586387
344523536 397397892
687816619 1026611540
1356344554 1985977795
201740489 348714679
526629746 1235994774
669303917 1840633086
1212223927 1405771238
176287640 1187108264
101898580 1248034864
53595590 436215032
111432844 152630156
788169690 1185813038
1202905798 1486661282
771785100 918607145
228400439 587694701
319822241 1068417133
896395584 1244222157
1192833709 1662929025
992442515 1196189239
64556824 1822818647
1207862751 1550101320
190082333 401886204
298515744 836786445
277747167 916899241
861379187 971019886
184118288 1295314273
1046654555 1847347613
231435395 261656192
108318274 622662695
410057109 918411586
455627382 985980310
596282094 1745418295
156798854 1743345324
1221532678 1441252078
191962112 475078421
362169095 1689421501
387172044 1076643988
1566550302 1666994086
323106319 643751071
131045038 621446479
1387574390 1477271178
545280293 1349773267
1032605560 1984365423
204402504 1593155819
70384275 425466086
408995942 1872220104
618736353 1637366283
1265791371 1655722161
1460845690 1776668363
5294036 349998728
178942862 750170587
1637791476 1823924648
902034937 979396161
1665234821 1783031023
996224352 1466296984
1350277848 1854332791
394155462 1517042830
352816719 695713294
1061049862 1739991077
1586647147 1851456123
1097679377 1705415294
170717693 522278259
719005062 1139833725
644418452 1442901233
831017287 843748826
299214612 773414251
376669749 1805181894
565957926 972318551
419950818 1399954194
294762753 1805633768
1711577409 1962784664
592434207 1959782838
468809804 853090350
1103142932 1856740566
260860176 1766199171
553309262 799586507
738863637 1444972130
918566605 1916056403
33513905 511425369
143578133 1806760772
173227534 1919963144
845831227 1840962472
1391611325 1909093631
1258934110 1287035119
154629948 1279295420
1100493746 1796019224
651769993 1212240281
159093233 1242021166
122544196 1230448760
102245314 1482617823
516756980 1659599378
1102370567 1701758774
1051923264 1305766903
123024026 1704810843
854979553 1048663292
60308600 1425714239
1341682618 1566577270
34435635 752966217
387050982 1230185634
486880524 1892635681
81090004 1038600847
668182267 1490476595
297405480 1523728146
1865771960 1916560655
787046395 1043977915
562431690 678796124
932494602 1741096317
778957594 862204604
1182689062 1774700958
1553786853 1592867942
229366699 899501642
75264958 1114756266
1240751239 1539443973
491243824 955214537
615327555 1803307734
149997703 926978401
132612565 1049979661
824071330 1573465817
13480868 1477592557
171562601 1318455772
1486867206 1641011996
157349931 1752303194
1139880935 1639967773
12843844 89400844
217735141 1984783083
1583298444 1848431983
34538884 322816343
285384552 1507898218
729070245 1370601197
623240225 1742460472
570773964 956371452
1008456476 1854183173
875792012 953904841
445962866 1686577496
848842296 1879968874
532513727 1664741965
308716157 1580813655
384788524 1489262876
996016989 1335266732
678279822 1447816122
1481826954 1632736340
1034478717 1330015270
792727606 995776477
1115379052 1162240737
32069296 40427715
162697055 1848995830
341298565 670159999
855739526 1398111525
1316649693 1851070654
244429750 1744959826
219235312 737951572
1327474173 1816165572
193866555 1204009654
1252794834 1488260146
1583338515 1967308235
27452223 1257328425
627589627 1160365213
924807361 1712064149
307433798 691897957
1156491578 1921206221
346513436 615816002
403212780 1345176562
46984262 254460434
1077655097 1921498629
1502379666 1788458310
203710554 1306110272
510451626 1128648237
323360097 1640669176
1054516953 1691465997
28966405 1950935011
1322731727 1565183171
97168097 1368797324
339469955 1869580364
113485046 1433679243
71951040 1829008878
537849347 807323137
157196511 958592970
378757384 1484313378
75890657 165620816
243408506 370299576
2939522 1519771388
802001385 1805165076
394894636 1040053999
191181602 1708059171
410695334 723105355
261870834 1331361391
669496355 1809980770
1331137545 1485898744
100899121 580960442
856724306 1411913078
1229583957 1246247967
616352089 1412208597
971389692 1009380457
403876634 872863615
644219540 655509476
355395433 499023502
81844865 545766327
426719842 1083270706
141519586 178563621
445885545 815717758
765822424 1558543119
144693405 1372333388
212540303 463471018
330398564 696629218
1146870966 1216442149
63864888 1010111987
337060411 460949123
875210986 1340928218
369391384 1587843378
185100895 1809753782
152401503 1078435647
480717242 1634741767
739748986 1044848697
259660179 1407504641
791770226 1949584511
1042716452 1647940400
277818448 1941644913
383232685 553587423
308889406 1214779006
347820471 1627355473
528867011 1072202489
1025875995 1868891501
752795268 1145233655
753238413 1756185405
104174996 1048288926
606237724 1281313802
87215719 93104969
130739816 748463061
420575894 1482595855
471270094 1089769693
285833508 394128535
838887483 902981302
525816536 1740755164
82396602 1022781701
608859197 614349452
360002542 576261444
809213029 1667476004
1304587829 1899143529
345150622 1118257633
1149602632 1476269132
764989984 975753312
390446926 1576791297
825007806 1569384010
1901502083 1963803263
20440463 1217163475
347696049 889411061
730148065 1301359083
1478988402 1613737967
1270575484 1333788547
723158185 1966451055
506684713 1417323133
1627217886 1746475159
1384004048 1720749479
1060902454 1979051049
1030717013 1871430292
467812774 1361827906
161293374 1415113128
203093317 328377827
145729648 903485683
193098697 761412597
150593654 1047170098
57540535 987462583
145496998 1011831421
38176437 1474849069
748380457 1880018273
1390333285 1919779554
241252548 1820008643
250236722 1926790015
40823722 142791267
660809357 1929944700
1308051941 1422183576
1410365884 1589842916
81046026 905685215
527102152 558989563
1236783844 1673146384
560013996 1243212818
303556942 856161780
1551600352 1858909413
999663189 1921049005
335286962 1112012920
86579657 1728818849
27858113 1994478040
1565161770 1777555756
913428800 982893652
558881150 1812771306
1656389485 1812109294
755939144 1199556308
938706791 1258067960
272267690 969419745
1264249721 1965204811
914855356 1093871344
158307060 864545293
919171134 1074947804
249996897 317239179
659803554 1593205143
462264451 818751866
701955198 1898123072
1456387098 1804507115
964757385 1944555885
949881730 1300346364
820791555 1441023383
433212538 1816919933
206853570 1733154716
561815812 765225165
603442240 664779419
694362472 1314530938
417311776 1310334417
1225697196 1892210044
825528473 1848533558
360744656 787033289
61513536 1535725900
694089314 1281862256
365853832 390811659
228243365 1169642789
440685653 880160412
259829470 1763074029
6731096 1837115428
409946305 742839490
1668242670 1930978919
676898857 1281610970
951769108 1534841499
744079926 1835780376
272129512 320851727
926269998 1540958617
163501710 1990204651
304713314 1977631481
773469656 1398733872
24220718 1349663488
822468860 1788960096
620638496 890941966
510725351 967875446
363711017 1481006910
1539831076 1714866152
964286797 1503803123
1139719748 1915350912
463784484 1718644284
310677669 1969400199
68179282 1785789303
925551800 1868441767
196992835 1526218892
862692697 1245272275
811707032 1277041028
1271950749 1723635427
403754704 1394700062
573887267 1040753101
725044940 1332921804
1154229491 1540861184
59499101 1240391239
320126307 1633176288
902920593 1576964527
301688686 1866900517
477050534 1027615328
228608936 474542677
1220941646 1357900382
1544305173 1927521317
101834260 786844232
29627616 535736744
72487492 1200127772
3673038 1271281534
213050645 957050453
879849901 1738383569
192769337 287398045
34892828 1565719010
947091588 1186592795
1108698676 1688499752
252468641 1723107803
488999595 1421606061
935638421 1054884004
69563530 745727274
57377972 957468787
1401148850 1963810091
1411379253 1878354182
1488771219 1643970889
1566250882 1794076932
322886196 671082513
1180307628 1671879527
773898006 1881421222
760099808 1312913942
198436785 436684344
1015051464 1720360768
233712359 1924026627
363653674 1188060421
119936396 1330247169
759232109 1324950990
975318575 1566156475
29871258 1528392567
303499038 1018859960
941242916 1054777000
275830140 881387298
195679772 930885116
955035364 1948213932
177096493 1013782945
508263704 1300112464
1092194728 1328804153
1062506288 1714342920
1579454383 1668857242
743306738 1064173159
520266299 1563563860
606631485 1033939725
1322259283 1712803096
725524514 1654430683
972727027 1925157169
1631597893 1777601984
351759464 1320027479
825091663 1343059274
13095525 1493408657
755020014 1283283589
281386325 422384143
1330269305 1851451887
612325455 1796163654
629691989 919359174
1141262079 1577046674
342792045 829425941
978334710 1719716181
126807460 1256947146
896441480 1122438530
784986380 1368696642
383475199 1431651996
775809806 1672466163
175699752 1582417785
926765116 1513643924
360992685 1652441859
759340606 1469948909
94132603 592465657
239486521 1494862175
121568251 1838240212
177768450 1862887960
221196127 1392431187
41819511 532768893
1306694488 1631016085
949266997 1843351854
667751986 1718483129
528525135 1542448566
364499743 704392687
1866275809 1974363639
174770533 1380569648
620055077 1075620801
505451388 1103416708
363960258 802379641
1472257729 1810922507
395132664 1016681808
993817958 1932056603
104237670 1522471408
1532345998 1944389284
1060313625 1113273613
325321233 1821143928
579173846 1758026961
700502 662358125
705380129 941737312
877924146 1170248965
313051086 1887394760
1568558646 1793621729
387894297 412849655
548842494 1503284970
915430809 1514807296
54386002 615825825
359880121 1496945919
1611494366 1656014302
681706820 1841584543
143698077 382698508
876574324 1155768126
856857906 1493621100
176012802 389178990
1016726264 1700793759
1517158220 1623716319
725447364 1203160133
862728835 1808057855
726552270 1659585250
41666983 1485178958
508186478 1989204533
386080182 1292809386
261624988 1405906092
563799032 1976588986
513633112 976877482
1025332616 1285108229
1080375232 1376844699
25969284 893204632
581717559 842068224
1664414792 1842289782
542394571 1975197286
887980814 1547738377
747438852 1151200288
821137006 1459928265
948559090 1017291131
590688189 1418366140
1300067874 1503499730
437642694 1286985806
130735258 734066880
834779422 963295394
125277923 639942666
351121488 1056896617
241984479 265882483
619645859 1858082450
1135030370 1284545332
387118838 1460388664
1442410749 1812186245
644532162 1300506219
565934523 1488505852
572984674 1124433032
196557401 1902686614
1599257144 1634988411
1142972086 1491635439
934183358 1631715952
125927586 1393104453
370433484 1167427264
200232088 919136216
829930919 1658453487
303450180 1514127438
356288565 1816708554
1690482957 1964489994
981746885 1271753714
1581007527 1759041234
835304801 1010366615
113740961 1582541505
362169316 1560626420
1436462795 1639412858
1349626762 1621009894
91360191 255980822
562754131 1511488903
1669188462 1690105731
1406495076 1450630782
1132003590 1384126874
328967077 650960731
1794496426 1846087843
730305611 1635969422
281796631 718177028
952429011 1904239900
702098465 857101015
989645745 1113692216
315832303 1754472644
1576481869 1716030480
567885177 1504205251
176375683 1237507762
466934593 1390188880
972878463 1463502710
1283977997 1344468624
1005685024 1610304678
215243894 472004533
1471069734 1750187826
267731858 1063553936
727820080 1800498032
1627545386 1690413027
789951308 1489445264
248111145 1539106725
1648060479 1759653958
1110119549 1436101922
1246342061 1928428199
1099260040 1277381455
584031254 1835130343
774900661 1658265738
745966044 938609851
479422241 1210755534
114241157 1251001087
1656738497 1678960043
1496644148 1577145001
1191814028 1760999540
593168507 1435399548
1477980167 1874868852
616154035 1012499860
258948936 1239760156
1190158466 1466424641
608635995 865431901
64156967 508302598
1069225020 1187166118
666928721 1926606052
1586486656 1726527176
4263764 660953860
1438165807 1846601112
833210041 1933030994
663870610 1541024813
1048967836 1539688153
1022715291 1200487427
443969610 528641572
353371001 1764730984
933803375 1993648574
528561096 1127244095
892027764 1775488845
298125 618349697
856926044 1515182546
1019976527 1111261198
571407628 794944887
606006132 1675310176
693455694 1322784937
286490103 1416507303
93216497 418671893
412129925 1005063066
395919276 594763632
349923785 1700395963
627784655 1333536800
1884886466 1915426882
835383491 1873850095
720887971 1846475239
935576489 1446583424
156874444 1418067667
1031462296 1584263336
160716813 1972726876
997583683 1468659335
480573347 1472193872
1359246523 1501434141
477109491 1745194432
1052331359 1703539688
47738664 821494055
28889038 1864142537
392671016 1422447144
497781880 1656161714
18943424 1398628636
1569776652 1610485478
4247964 599595914
102832872 355884076
402922399 791435329
746091209 1973322979
715857450 818363023
458484169 1873195425
22497013 1150149321
794343523 1866359729
596747543 1754294008
715404593 1916229562
126772849 1666198000
687960452 1751213934
80499161 1309172442
676447268 1968605687
1330569746 1686538764
217271160 244329384
3974806 956848331
976542519 1727110122
1047268941 1794616883
185465863 483705871
333057905 439802206
572619257 1210776739
751612013 1232802032
507694701 1437512149
918195999 1354747753
608394655 1546822871
818305341 1972551460
174824801 1889055030
212619055 1254511517
349280758 475970027
1571587205 1898041811
81899559 1686200874
213839816 1055375742
1891109348 1959232946
144807262 1747622586
1346940269 1794960901
375681437 505322633
487305249 1268981598
727065042 1990997000
64971600 419434801
481002129 664881522
424643924 487068639
693391525 1535534716
665188950 1749910440
535131772 1259008993
781110523 1670352352
240040201 1456248621
412373067 705537068
483819119 1670461485
578966497 666295291
723932141 1187666573
1000755258 1926646286
265993190 696102776
200518538 1131956271
489961884 664810076
305391602 1123303973
289968897 1859439073
791206708 967404306
503707811 1099852974
357231944 677652384
403445826 1897373803
532704226 1507007112
608923268 1743397663
1078990658 1749885561
512561489 1323256730
617890142 1990027953
399149306 659109743
1803745906 1977500379
1259814362 1528263636
642613493 1940697827
790522907 1624018537
52750461 1517045713
1121930952 1842518128
525933004 1521939217
368379619 470180993
567016071 1345163929
94337458 1769505530
1234233970 1868605320
288518792 1625974375
1749500697 1972179942
1157233983 1442205582
1775776226 1785638569
1131222865 1280355051
11956775 1617751901
798111975 1318689403
1322526988 1807519158
356853606 1633816899
1312360503 1883608836
965319514 1162780004
61316306 712488770
619181148 905644262
1172661045 1632759624
187983769 1889486475
295020001 532812185
575434436 791541328
191317067 1389255811
568722924 1443951006
321920606 1742083701
6247035 1685758159
82756224 783608688
1008456377 1048076731
635062591 1155913898
569446735 1232442327
806687757 1278943474
1224397025 1337248063
723706133 928469251
941049753 1234091792
306041871 874762325
753967334 1792794810
322166782 996318743
498806210 1559364561
953076540 1651447432
583127666 1320653671
614497840 1915857412
585087086 1545059682
595508216 1245673791
478385221 1278644245
235695772 1028509380
1032213658 1308412653
281512359 1247385460
222718567 554809723
479962614 797177341
966416619 1693796020
185220090 1930416942
1460111451 1835816142
47015892 622843670
770967885 857925380
1369674729 1865763160
383382983 1827953044
871024275 1574139020
510049669 1460337099
883769844 1002849487
116470423 1792799091
402823291 724252102
930450415 1668531061
553843834 1521477158
262529142 1418154033
916518081 1737506989
478639337 1689984342
1662192315 1807380533
208780997 286896559
762213119 1899795355
923610703 1289330682
855661850 1657556758
706432447 1394703431
163032540 571448473
582534845 927303600
182444815 1887542655
29785574 746327340
1091195626 1662859104
201358501 1777214899
1522048463 1646143096
798409122 1873546695
564749421 1644963270
771735672 999928154
282682782 859370109
158617527 1335037890
1050527954 1306865027
1046971847 1790517584
353780438 665314033
1586592824 1758587819
1086928539 1552793221
413806414 1259195669
436764127 1007481203
240145909 1230387229
193481030 1685914616
27479222 1156429065
1163954290 1554539876
280847073 392699328
61261924 946930254
555396231 997762036
1181234855 1674765146
167704927 1038708109
776286898 843867346
1218102396 1596632581
172790017 1621295268
963003852 985866343
932227614 1130403563
1574303507 1575169958
475632499 1256926532
741471383 1372548926
1298592415 1861039293
974025879 1881819790
410771000 822439091
746436593 1069342000
1050468692 1285618182
1677182810 1961320420
284659273 989244285
984023181 1258071908
713776039 1656542336
839220892 1848625614
860241700 1216300238
1247641056 1724098382
608074561 1485926107
702826405 1770299490
1135953504 1424302389
704835099 1757655528
364722033 431605397
1221393873 1234084236
1220177815 1773370187
987722384 1789073934
29335769 1937553583
503931077 1338173760
86053028 1870413543
82028135 1467972211
52154342 1208977121
1299733198 1431649683
652330795 834688341
417152226 1807867611
51924161 1707397980
3091425 1186063676
553468230 615404360
1269614545 1352067264
371764604 768121561
292982821 907498035
644962845 1291366126
142013976 673632332
363961990 1182019126
373626159 1275233206
414383302 1078229509
1742928220 1786629103
367553227 503443150
1065651655 1251546128
176487146 686644203
1056389590 1302685554
258601200 940502375
802941078 1155640337
1443159633 1654750239
612344996 1987388288
269430756 1962693082
360590922 1321344585
1437389146 1727581851
13048386 970528783
991962090 1180346404
56734425 750858693
363893890 589178971
984161952 1995917179
501385083 612798392
204361095 1923521582
920560089 1732653593
801829087 1728384549
10059184 913050453
902444897 1624766621
218458971 715052368
1017041754 1236678476
266794508 789340778
1215207366 1262420706
690562105 1522924234
852468608 1237966775
515159139 889044580
502708019 996495906
171524985 865929078
1601251016 1907989980
864769111 1831109708
142574616 1807987836
792774554 1469042360
1439926894 1995057978
140387168 1700057162
1084212805 1493698683
1813626662 1818710178
255738282 1952970803
1157977764 1450354512
933376688 1095630585
646519020 1744360475
673168717 1980306954
707919377 1474011230
227748333 1934051147
562365176 1515939729
196462050 558856129
159228739 835183276
1094492972 1911718920
569304952 1739265322
337489578 1136730795
1246682472 1374161037
527779335 1331009280
1431953622 1845488625
1127773953 1144542875
734441165 879913185
594533659 1455283685
145560510 274024275
1121358583 1495210042
591956220 890968675
484079816 1222491624
611373423 1913884534
515253663 1191550232
322501597 1566138990
435964354 779968948
619344793 887134801
232065998 518077950
1365993020 1889884452
1074054249 1780959113
299058006 1390525106
313545749 1548891197
520484009 661589668
327665978 1325361953
153194079 1155217167
224873694 1901709882
746081048 1764141929
71821481 909549396
344658323 1214550494
999287904 1927243404
113702207 1495479362
287292113 1161907989
426956936 847697278
1729724019 1883279654
102356170 909860911
1640139476 1680026696
461466975 1612103969
1072474207 1951393567
421557366 656823201
1020667182 1166255555
857246072 1190965435
320970894 1404635056
367624235 1252410270
877276332 1384091544
169465112 752313498
1722939671 1761003695
601143525 1242554271
637697126 1170803484
249433125 1444753607
1739308243 1748405758
351863934 1323668124
274752450 1538684141
472440984 1387070427
1436593031 1730791922
817838530 1286617673
862582769 1976806245
1019316665 1983680937
739014996 1174306341
447910650 1042592304
622265430 1009108181
584523541 827931493
1117900700 1701660548
366833333 578732442
138234302 369834836
861625720 1070750082
288571701 340434754
423308480 1028223342
647280777 991286922
826923737 1406317151
576033463 1778446473
401905630 1143247071
1153358427 1171550395
422007979 1019570906
368962247 376467197
1105964092 1939563370
1612437789 1654039952
403564064 1661735467
1051453195 1242884750
1540525492 1874488468
64321706 667119147
130633065 1433062988
370588609 842627210
1105710377 1667172897
232439846 1328585705
1215116914 1510742158
575935982 902081353
1104679137 1860732345
208356504 1477880857
319267418 1697152346
1254143343 1853155330
515394258 1147485410
302807426 1563097156
983430604 1482701179
667858377 1391217711
1177789116 1286313241
355793765 1618208372
799509062 1357454969
13375705 330453129
250625775 1389032443
583710563 1552546690
788288647 1261625927
694246782 1656587630
119489500 1519188837
725001789 1696009790
1082588455 1878557100
382546325 793021242
203378458 1845319607
763441955 1177259718
380046024 1679304459
380971000 1084185970
342410134 1036420065
29031078 416204089
1057711364 1206019907
401081167 1513238046
261946943 907819136
1017785449 1140794336
351269436 411174411
1435923376 1630842351
187245199 690301297
316183611 1432480296
159549996 1411079732
1186076052 1806235008
1012213591 1395781859
729764625 1928101421
880270966 1924476621
353201614 1103047976
936491066 1643513452
78083907 1018800993
438444067 977249425
69891916 1167740280
1272306919 1362185412
1471972499 1475963278
28358319 1155315134
636522098 1928374548
344745315 995303826
167361046 1995351634
1610695571 1787865633
1195223999 1655937170
359473330 743727721
28305195 1953188906
616351366 857656765
51682733 57198204
1297170226 1302284231
430700221 1191379924
145054667 1047995498
25468849 592006762
814730875 1582177737
152394895 547532103
173803084 807599431
1567570638 1663380378
145051975 1178910871
135384173 1674106654
549937313 590916821
537537260 1075386486
1015963708 1953724548
207765424 1232363174
819319710 1673974183
648254148 1865236192
156651968 1946408374
367918168 1439423651
1208815044 1815303019
393493053 762869739
128023808 1081340035
402665983 760351505
85289691 199364343
125772646 138551908
67880827 663282879
929811520 1943230335
1527494332 1870305311
1459056347 1803519805
711906259 1338772913
965950381 1987368047
113301737 176062452
700477342 1243262807
673247354 1916974171
1374720236 1424881824
667945433 1464025676
936856422 1883986566
724165231 976649412
1208021306 1434008278
14389917 143105617
107262547 1648959176
84954608 395812566
1225801968 1950823743
363654094 1255844219
943933983 1237697128
908000358 1083025778
919463359 1976070377
678716911 1000798441
718621948 996396982
166953377 418683294
104942771 488048918
239972697 783660109
243886777 580186009
1270438075 1454411962
322000292 1219748960
176287282 667391617
395259067 1827463058
558856744 626882353
1234885905 1596034062
493732790 1557351125
454029295 976278183
485396688 1974439569
922566320 1648244997
166730944 766230636
7913494 638819589
52987138 1155268151
720159939 1669134504
413148618 500362242
518981226 1020083619
1180854474 1727782047
1010945029 1875773643
614070165 1505377020
180004456 1698067293
655535562 1346647690
716961677 1059647704
1079612769 1306253583
1740106355 1740189077
1614336035 1904749923
1186270425 1956462244
57790760 397876829
861575810 1766853482
363645026 1682709045
609733685 1864299382
1515377494 1984071090
872861254 1297507497
105577983 940710612
143889259 1285370378
317318270 1965434672
256343510 589804788
681600497 898609183
933988945 1359593378
462706486 474560330
283455725 1178381649
331324246 752099251
1584780981 1602171145
130416867 1750576709
151710042 846794771
521184789 737583713
1143694167 1790451242
1052336594 1589014681
367026061 1543278956
544058701 1838520567
8985844 1532455660
1242640787 1531997821
132343214 265210738
494716209 996470560
658082365 1903074101
378065819 793199741
202995862 1715194893
794331818 1588733251
1200829838 1287791754
93194213 1968885394
521755199 1165393234
108188775 844341289
5641789 1087972003
503537465 1899705784
70983851 754485425
664868641 1961435108
518509684 1140189397
55048270 1243138532
225987729 690719075
540734559 578873139
498413307 1067708050
174145844 1847303806
1439796533 1980504204
92119164 482627981
260104474 1158517280
516655628 1098015941
1337344894 1386817327
230410636 1371217814
454170352 1968253494
1602044293 1874579960
1122979451 1895407833
258311119 1115441284
118415291 1095688863
1247541786 1679838675
428820037 1188681081
1647401035 1752784653
381165851 1812846951
234114722 1733641005
367688541 1609505139
309336870 1976532147
147644077 1161727059
832443753 1174528302
1249205 1104546726
122412947 461835952
25864842 1767945442
849842480 895797409
863639088 1456822162
212237117 1330560505
1048588717 1215012987
823671062 936264761
1939649817 1970101148
725381433 1351016340
802895638 900175025
893123428 1016571336
119174947 214971987
1629577713 1749063778
726463261 1717142377
1010643892 1312541152
588035792 1989030924
889739165 907163034
26361759 673089456
204841725 416818451
177274214 505448898
1843490995 1866695131
748386610 1893936079
55748292 972117990
115875761 321209147
706560586 1868062750
510674087 1995012156
145206681 1057537663
306878310 1018703478
1408499099 1889533561
1719805875 1762421132
744511521 853639189
989119738 1831786733
326450495 408908693
859292969 1894031360
326312937 1605721958
644375557 1091120083
172074299 766828817
506220004 677551841
119682417 1599182923
584644290 1443730211
765845587 777805098
1437665850 1954045903
326021565 381189658
525578511 1546516787
1796018771 1963541343
249755947 636188318
529954530 1682391037
708464801 952130138
1287404607 1704525443
372041819 1832027858
200800161 559141304
1248457710 1593859956
1350001416 1530641081
1477494180 1969775855
349165310 1403047954
1495617794 1680681941
231926669 877747356
360550656 962290082
546137251 1924345324
618553050 643477017
1095768098 1539845821
629080150 725262994
1035755917 1526185841
124072774 1800806541
937860256 1886620370
180901857 1152441046
1353422303 1746494934
811667067 1550942273
635362904 1214898582
95048694 874634012
967150890 1034916973
93232110 1573482877
1685484829 1917616800
995438516 1734648616
120765647 1658358177
915686253 1192226828
530490805 1964543276
537652070 1332833591
56379807 342644055
123536170 645497380
1673341910 1823764113
101552308 1402620105
949909340 1745754263
670490656 1667630602
1006672469 1858642229
189644254 1695298724
46877465 1216125948
559808088 955730481
329706719 1377603580
1513891020 1988052195
463059622 1210707373
458911675 1527995902
779119566 870040993
793561658 1739210786
233655362 569807615
1225902102 1761620287
850341955 1168759520
1050273734 1169106456
90916083 249199772
698132558 1859394665
6313328 620048886
1582502788 1825549913
516387728 1258335151
239516895 1036863629
230713751 1611648893
1375323400 1699183944
79204085 90581531
206449977 751520520
895808582 1555062925
1504504486 1831160851
53973476 785097349
966373469 1994136419
748620072 847238359
309642799 839420110
621558480 1702754511
779075520 1511992375
270451187 1982029378
436280573 735275474
247281188 1744515626
802291029 1663887966
681133772 1354502065
35343556 1860449596
1155318868 1177637748
999435920 1643107352
189308277 1058345722
780371661 1068203399
1312648029 1801160524
785682043 1060896649
861678583 1493193149
1143354694 1580825328
1558816205 1695673889
495253526 1427412333
646353260 844375626
165849396 1577537116
1295717160 1346417767
715412399 1913784097
1101047021 1720789090
219925082 1153540738
479113743 1731861166
1288729362 1722618752
609262442 1873274444
292704378 360042267
1457954542 1796746701
745716564 1791356434
496464453 1078769341
1192383456 1968386901
671516034 1664021546
498064643 620506665
835385764 1169131741
965762083 1543503565
297633044 1117057597
1140241820 1934651483
1723587410 1976868621
716882655 1685635885
832775515 1012462117
1040803044 1230377188
500317255 1190480782
1960196578 1993665588
342161648 1099957021
503073693 1821870523
798646995 1308899970
1116506691 1563199507
759837404 764005159
387132939 1321554435
876959606 1965531795
1436378611 1934742570
407605949 1878881927
545824461 748638741
231942966 1664697473
95278749 1370060898
1239571781 1807486983
219059544 248866014
1040969885 1970003903
411997505 674909793
134838527 1408416737
255665303 1743587801
435307334 975638231
1718936203 1993019158
190210141 1336697002
192206098 1938801445
430937431 1222384295
374050501 1946241495
204569764 1442331544
23146106 1063366470
1891826276 1938354994
1288743610 1866987784
199879441 236154286
191421536 1864583614
16990996 666541040
217043498 1612798917
1755727844 1859427943
1914960157 1980440006
127264353 839916755
1375846191 1469759011
923551053 1966079220
34502305 404059498
361832347 956200860
216440078 1908917694
797279645 1051330467
546146284 1802386145
1234205153 1580248480
518824374 1907375851
774201521 1137871167
1259885516 1816078723
92114497 1176971857
69154361 242406585
1737651860 1868781319
702515788 1855051796
1686557991 1969282688
425744359 1317625573
1272796430 1833025423
1314511636 1804062950
663609949 1657814569
289738493 1104700813
776229623 1582127485
97756846 1022193381
354595196 467037298
103238124 666937265
1012129657 1940320786
1150371279 1680493939
827321238 1911002758
126564918 1417074085
1612046866 1612767578
386837623 1114325640
800556690 1108111752
823607121 1049385649
270487546 589527239
1609058072 1861475356
1051270250 1820759154
1266033156 1388487797
1827524204 1905776526
249725264 424545953
509910464 1748096338
755098203 1909421529
275691557 1589439079
121536996 1885148584
1442015335 1699605268
302400293 883603452
617087396 1962632786
1082464153 1110307883
1387082284 1899203696
767537966 1640201843
1027719454 1852292062
741502500 1656591422
666837861 1112746525
4647759 938601380
671840816 1999480757
660766602 1592855725
955782290 1570577108
1415507390 1982535587
209572528 637020990
107089748 1108609206
14215204 686338837
158852427 1382373262
1204453418 1786644714
100614879 1292321067
394276051 1794154996
819445044 1097968064
427448192 1034995568
28170208 1498020116
1356613239 1993616138
1747058338 1853111250
557522637 740794160
532222992 1893256312
268487700 1875579895
809152896 1286758523
691791743 796470673
1613041252 1838738702
1252761924 1526856434
225684115 1235936851
731556883 1888746506
1388207634 1583169572
663991466 1388013364
1470335622 1835848027
915115309 1668305149
398317585 1197802957
1274502290 1511609272
636067828 1552802510
1656498518 1908479401
648823629 1305218631
1058715879 1078551322
180998585 1698695572
1556538996 1734077837
382555362 983222466
254186724 1273659150
876725113 1943622061
1196838428 1878122405
590643969 1289781387
844939371 1076097307
493800185 1723788325
666631079 1643070170
752307692 1004906897
1256401790 1386000797
442690199 1865190460
34741806 489924258
375604433 1714926165
443360225 730267355
108284410 1607563318
27385353 672127209
1098321260 1521716713
87613482 1472219673
356056798 861339912
874022021 1818909969
20449400 1116305187
95449490 1931537036
358366411 756620385
31410610 1806514652
529305731 784537474
366020144 1749602109
1356473861 1366893663
253555815 1251635911
838154254 1968946503
1088461154 1708862476
825657371 1644682260
426178226 621736542
257250007 424228586
479290432 1879035065
782561876 1449879976
226588615 1162458140
59845173 1396688255
79093827 172611365
1014452714 1540263758
59057519 976042243
178824868 1787269165
197984725 1423005737
1089798044 1934767872
144341782 1199880762
88041895 416716055
1035082031 1510316192
569102787 834034042
38252275 597498918
155821589 1590998296
132633457 1391039802
606361617 837528510
519845118 554891271
241725727 878652155
359172801 771801202
50944078 714066936
712519878 1137756266
128819905 256444443
1031743962 1515561199
67377781 1222785631
299941210 1336289144
885392762 1304076770
1112606056 1464424458
673836560 1973476688
9777604 468652414
63609334 1102337338
555295429 1875107179
141475115 1140799768
275468916 355729788
702724343 714547610
746219739 1018132404
322687696 1417684796
201877810 1050839912
701041618 1808611567
968977822 1431587220
816510231 1005820862
1498407973 1625132012
1553000135 1575000349
540392045 1205258113
47969659 1493539063
1297146116 1729556864
575809118 1998292410
181126140 1934857032
1116300729 1512160448
673639245 728551852
840780707 1517979810
83418501 1549801562
510395533 946496433
589764645 1427185726
556876193 831761279
1007614888 1211646426
4807124 1406962791
572428559 1342617150
74627054 132407190
339178252 1379475394
679294017 1175013766
1167857625 1777140571
632098445 1443416107
476017161 936961489
694206017 920980370
610694654 1272829305
770724818 936733471
791702518 1728435274
634854846 1124505402
165217607 222673481
972937745 1871939126
234383716 668303681
90658612 742591780
1489988803 1982396650
1182564423 1828833467
58782039 1804822569
387550766 1573382254
74223058 104153838
1019467369 1037963250
1533740840 1962111718
3212040 1734397122
472955327 1206330139
323118442 551046104
479547359 1632966164
512460158 658004854
56655353 1453631647
324734284 372972170
1435027652 1623261601
1122407081 1755894089
1245707566 1519765933
392451458 796175488
379905150 1122121447
612085000 859016811
1741337816 1970847191
1601802118 1824952772
339997714 1439046558
902606002 1347423421
8625176 952028255
504105267 705373355
440352587 1928985441
1906481675 1973788509
1484431757 1522439964
1065884115 1345444474
134470807 925802787
1146741557 1879973340
866324199 1875363639
1225856155 1623423157
17752264 954415134
343880915 1617334213
230119862 1521185941
164672251 1261318014
837267542 1754060583
1138989907 1297953865
605099209 1582680473
206132741 833614782
1053562149 1469480583
1002224321 1430763751
766551246 1623608770
791939787 1706938970
905562710 1505773228
942821609 1025579246
634979748 1123113958
589631017 1368613813
27013288 1784256014
289995169 975222582
457174856 1715667884
946629561 1323028633
520921470 639302850
1186623782 1576636846
1024897602 1207349164
628547796 1405989002
848255658 1094459605
182898758 1244258700
666405531 1174625532
1178436899 1603276454
128287527 1202541663
1158059592 1323572988
689465673 1238518587
373971680 1800441204
214118406 1578809141
758038665 1515526265
391632459 1442450223
168717313 1800296568
91462363 1987986370
331344714 1635118082
981790655 1854748365
1185889228 1718634798
594626282 1703229670
241605397 825842457
1073809253 1938753108
202647289 1758557269
86384305 1410372169
582781560 1394208825
1253915169 1639016763
1389860637 1817664909
1128337771 1349210297
1038305018 1626235593
608887423 1705870491
212466517 885934962
1851092374 1919694448
664198566 1200689043
316582180 1514353975
647816400 981646213
1266959446 1365675327
902686932 1840711701
730675259 1744114909
200977555 1267625691
1029020350 1843232839
525890994 1909782714
1371156303 1917780187
625133224 1653574855
358111790 1482010414
2781316 1081678154
424602058 1105198662
208990431 419740866
444523680 1696701346
26266766 199720277
203337301 849578167
762694182 1709514364
229676939 430211291
264335794 1489628785
768233116 889539441
171572794 219745018
169637767 308420206
1153586645 1494053481
329222738 533255789
741079870 791237521
1170503233 1396495557
539355769 1013483987
811739803 1147577608
181415158 1271231415
486806287 1746979752
1184675099 1588113998
150739728 1670249571
1589545110 1653808221
1088797910 1282402996
774094456 846428012
342449055 1532643159
625787701 1514785516
319370338 1968435485
276860455 1591502685
1172983903 1619071113
154738725 813857097
145600016 1292727272
255829414 665036337
631410616 1395881572
777846713 1876655379
367531177 1329969273
873406775 1812192682
436438040 657853871
937616924 1703152180
313687286 1600400659
322257904 1480988763
715708942 829102760
1279267167 1786293919
1275558635 1759475208
1550036923 1970102285
33630591 1140505776
1037827883 1133670892
241214848 763908683
201265344 1213156840
1743769273 1799782917
434203058 1948811307
1200125204 1954181765
575169897 1093157302
349406227 776485811
713142643 1327410169
676217812 1751712458
802756780 1852800920
533210645 1079359030
997059891 1820795737
846061971 1017734145
556394482 874311720
1170147969 1171538977
205858191 1054468708
658628225 847768894
942032899 1462489523
577944169 1853810220
384173042 1432426195
96304768 732186569
1793024705 1976359313
82123268 1494483313
758916700 808413033
1445192505 1579075814
619043765 1808031980
770061650 1413677824
29335981 968658727
734634628 1110661905
1301605141 1438907001
40540284 1826890703
1215324225 1645467369
430110526 1206313927
467509503 1423844837
110171395 1058818359
498808219 614054579
1021174544 1960999410
64499575 1817561620
952722879 1355754934
799235537 1857669140
1324305084 1603493541
469928921 552959346
420414814 986062669
474599102 1632425209
436237543 1831435433
443005250 1958416633
1103693164 1251056127
374466208 1438150170
1575886574 1596016118
1485239651 1719331082
1303108298 1985930761
1159200891 1793578372
122633790 1818757508
378213009 753432410
112378373 739732693
497177851 598624949
35825550 1577568781
677049515 1282029795
607991127 721867205
1691679588 1731663160
1332397709 1950517283
982904340 1109079756
793665796 1433491488
1574633536 1929366055
1452222782 1923029306
1389645024 1922621097
1174679252 1814913796
920938326 1331481203
870864401 1233927784
573813723 1996459429
832601626 1836375014
344170143 1095392611
1152427907 1345119922
652281483 770879968
584913490 615465101
1388981391 1823231618
1382857774 1674754723
1165855192 1674743679
631013910 1015641947
1356465123 1755468690
120161353 805759997
34135196 300169045
568026328 715022025
950839316 1763848059
857297700 1642441109
267810696 863647578
1820446308 1900155538
824600676 1533296816
535758275 1066057424
266372082 1414913521
449289456 583975986
900249632 1259455341
1018313973 1925734459
728574544 1373669500
1859723542 1874061822
905011381 1196014005
197967336 1305798109
72790015 102655029
1316461324 1966042468
1282458744 1777968878
472122130 843865137
1207904510 1550997292
665086870 1537111763
902096319 1012049625
238691123 920570740
1142554809 1586323316
573397639 1675219896
512835448 1967876623
939456269 1173655982
524180209 717372950
780487508 1138965471
379965225 938230397
36668298 1741545783
333808092 1888600890
621330628 1867782435
976812594 1961195259
722962767 1365698572
249928214 561630018
499914546 1093645856
834917471 1131090716
357467324 925837287
1044283541 1817814740
79959379 1061288192
978702686 1548138341
602188134 839433538
1152131027 1215994926
1030803224 1497612439
290834283 563300926
976613288 1258531111
313874816 1532428658
201479074 1115817664
465679379 1108228645
1359282683 1737330692
1128672695 1175907474
341405577 1224315038
473935124 1769226674
1033722818 1674280768
575860296 1623737994
397930780 1072709918
344980864 1175909679
94349180 1700038458
1197558509 1938580150
1704235578 1772753490
928245165 1588464412
764378487 843988971
516912096 587119616
1343750044 1868870404
98195108 1543961761
477334359 1060429194
52918362 1148607818
585438361 1946456701
4112615 1338650770
422492881 1405354717
88363655 1365022845
52979259 1354153607
797452303 1175474433
1569888706 1843796017
774563540 990369445
118564393 580591296
582489480 1766117382
596883595 1786137098
231229005 1250547454
414174807 818713085
926131195 1069645110
1626770729 1668675135
129229895 1965074834
350725819 1655988814
684477966 1359714007
1443864663 1569947700
733419579 958507088
297985149 831642053
168241132 1778013445
255471310 1137503834
994445903 1739579366
1109112404 1244598229
992430743 1743067388
207236689 1666986254
1376777064 1564215029
1443868875 1731944482
311209975 984145584
442268318 954517081
359551144 840190655
398396766 424378648
245396746 595103834
148245742 786516183
297670914 578085091
220044174 907922982
1188439355 1194727001
1451263265 1954423550
643924410 1338695606
548423313 784893127
108484260 145751950
464403003 870377646
1253355351 1550314769
1268758808 1440621990
586903589 1455335527
593729649 920968295
1600224502 1918024367
1012830689 1928237388
1145653251 1666805548
182629316 429989897
91398573 1480298174
87715555 178994551
161652927 1662432549
376988951 1967935001
648861011 1721538611
171824956 391394842
307878382 628028164
738106128 1256336700
314375201 480697982
1176108904 1880702120
695807009 1781225764
62651262 471166849
217111913 1160950730
1148525091 1485765534
599988865 1251171175
852966737 1752202452
1233586035 1734043481
196382055 447827275
1781522174 1891448130
206912814 1194834801
61907709 295430982
1073527470 1528789344
1238624340 1874038020
482668005 1593792024
392652849 1653206735
879681329 1463642816
1250413164 1919972227
963361359 1712446995
1626943877 1718836808
460351789 1047734917
1705063758 1969337981
1075636778 1216024850
334801708 1064066631
404655897 649737267
138656407 897813692
969226836 1490979878
329100817 1321977603
211164799 1325127093
212398527 1016112412
1024247944 1818000026
401972539 406878723
267959518 462136524
38978012 1808999741
411407543 1561643277
927382070 1636592167
18376854 1405143859
926841617 1100998642
824411393 1646126469
143035200 772662286
272569921 1753551204
404425491 1172596719
515166477 1594091780
322417036 709715830
1214184623 1675299252
690051589 1198397488
309248152 1290297152
1474692405 1929782675
1191728738 1859575720
894023155 1879419885
1406290152 1589744290
62647880 1514584876
126914952 1827211095
465352778 1811695615
429760 353340887
459033924 1286770268
443878072 1507045584
401865627 522612666
129989007 267292080
382347901 767945256
1115874497 1367969916
972002287 1771439249
850241169 1933838354
120263192 556566965
778771418 1199662658
967915304 1174440162
1228597462 1518431669
1466681507 1475973834
788152822 1004815232
387119149 955471674
1537741849 1835035363
143743976 843547303
1090250440 1467781158
101355296 800922065
152369464 1745643004
526708341 972320670
405638525 1206251260
339499858 1469657704
72975094 816941821
815094291 922970026
109006289 1223409933
1371990271 1570772050
322683203 552995683
124412481 1130351468
893702434 1161629631
958051635 1829741499
746186728 849912183
416358172 1936774047
1136857442 1758608053
609228701 612146380
508089815 1045769645
434586571 1188787605
315674553 748042030
374441368 1057459456
584885830 1599756951
279124141 692091662
436625528 1352109746
1704379649 1969918331
416643145 613778386
130758685 1545043915
270557673 723320610
1101180457 1197951383
291494578 1275053281
96618660 506841366
723972100 1185433022
970138364 1125642483
679616204 1595664497
1880202984 1979877381
1647937877 1726178019
710324717 1692988134
979213484 1105680669
107328624 1630189742
36005296 85415833
898688301 1268486366
693463262 794176150
665309835 1444483757
268299694 308038732
145582286 1571614576
76139606 262515342
100286709 914507599
656591321 1551111497
441623028 1911063494
553540186 561099188
1058970892 1281442880
253563736 703875620
445057387 882639268
369769354 1748765939
273346747 1176241003
78898990 1747138750
918197696 1000121057
1412571924 1841406660
826959909 1290609673
111987156 547927024
456562455 706300334
562383369 742719886
1060373701 1719991373
894505397 1875995536
1004532124 1083748563
188247254 941063976
64046768 297904314
931401915 950086898
822712152 1943022972
1585584916 1613671619
720365821 1703296421
1329461750 1944691283
384909240 1546392052
76843730 256965523
120121546 424283461
926132767 1910197040
1027139213 1608672140
370038811 1279116223
585287606 1708830475
347526882 1514729372
603255813 761754715
1384079560 1473550087
933899337 1632792861
608632428 1589904728
714162507 1457001435
935850624 1369944443
646578614 1034235177
345200304 805560889
226817353 1638739926
167662389 809233536
522444729 1289227748
1124032853 1585806603
862112531 1849584372
546425537 1438800092
961891891 988504542
883152543 1900764469
126913324 1989554709
1169636418 1612102449
1102368008 1721887069
85647594 1582768913
1318386851 1329403529
917348711 1413659892
765308009 1066269145
493883624 709971853
836929868 1053153829
449262121 609295054
654801314 1232934187
855347157 1873851416
1697436990 1914571539
746734996 1480193966
508032306 1483822572
876046495 1036662609
841960905 1321794611
1170917306 1503229265
392338406 642646144
333540973 1304414109
224996335 1728938463
705483833 1251321175
569445519 590478938
1129214992 1569933714
661831338 1681116314
1111025506 1990826014
779498755 1704263027
583033515 1544107717
1554199560 1663149822
679058068 1375330358
837433105 1250881179
79475302 856940204
895008899 1141882164
961933606 1594012877
1400270574 1755337826
74964508 299475990
998656084 1655025204
1083836627 1831248428
295768500 1063687000
566728978 1878330597
120391463 419156054
924091235 1230990265
384718139 1594548556
548875596 1420340109
1668647496 1837624781
750458911 1842991194
597666768 839539533
1395242254 1827859345
353960629 1593628385
642301916 1759855998
69273298 805057716
271754096 1388842411
126198813 923508677
702180393 1907145067
907865634 1122962328
165323326 366400573
910179425 1029772661
744489495 1311635443
1181223331 1900483227
242739244 371105328
75892412 1764765645
618189062 872368495
116347183 1267157917
846711712 1916088290
1506438291 1918074205
1144283420 1883560234
1732415460 1932921970
1683964036 1916789673
1475306364 1565061517
78357914 1807000539
902180323 1210304112
594547312 1701309830
539292094 1858863264
1790632149 1855735368
1082990037 1149811300
102169321 157867511
229796041 1277963252
672163679 1731319469
675431014 784611261
1719229013 1774515382
359053985 586651784
85596892 653060276
344078336 1768134916
372108194 410973192
116301298 1555961139
1806832966 1916994019
601126282 1207712925
837996227 1647484338
1017171814 1713478125
165413483 1503546278
731593832 1772712804
1428796442 1760556672
465383438 1830875937
1198572188 1359536947
1183591975 1933333699
1423554788 1526674185
675019946 1904597062
1003668076 1178619093
348533348 1041378078
739113842 1294902460
938328221 1099309321
285914640 1282215825
266707296 1652954789
2521402 495561758
1493296952 1979529138
664453017 1271047355
608308481 1747373456
859631861 1159117153
28758338 1091593926
1692028401 1990127749
181408136 1243881483
1642193955 1921581227
908556938 1253484296
1388762205 1645020144
1757999347 1865085051
838650712 1366923958
348057361 1115916184
414561834 996554095
1744563702 1794297262
136923914 865915805
365360315 484594473
291577366 1899642706
654268140 1405201207
910487643 1265211949
998499166 1199274179
888822446 1304206527
279253699 1212686679
106477465 1573986992
29995916 1718219481
762550824 1368911583
272936056 549010668
930194073 1443118075
525301709 1914374684
204439885 378800604
190767640 1846201111
453277425 918401580
515106287 1730596771
819404980 1961713909
286439653 1793738991
146200696 1279462538
1266429262 1558752697
1080645501 1414882154
494649186 1314284881
826952444 1081952537
695137678 1933976210
175504565 423520530
1007768886 1605329906
376422773 801520394
1661259528 1781983432
342167054 1988965408
71064213 1215429531
435419426 1317181480
419722283 1005192316
1394583480 1871699552
1184302623 1216009361
784068912 1720746821
486463831 1171548649
966446165 1042842745
805874659 1879739671
1840040541 1994879975
291984388 1457959087
1206382931 1948345565
500161980 1950535200
1329100876 1526564521
991814009 1705047361
1061299915 1091080327
578263115 1466744555
358397401 1174196409
64822173 1568696692
1611498152 1841454861
16965385 248111986
874288740 1409847969
812225271 1198599953
107454475 1682913107
965225848 1059091719
494470857 557573591
906248461 1270030896
1399179147 1618571049
1285536013 1380296474
62143867 364910778
1199694441 1210244074
1157761771 1213833052
1239094472 1501237300
159218902 1370577917
834171142 1424964398
1642586120 1823455292
1010292462 1537388033
352062 9255081
1321785299 1803339746
805615388 1184151561
572340625 895710569
938805908 1973814652
1016748543 1986229045
78891041 1650954712
1299161937 1592627864
170484091 407500931
413324798 1882433221
1252276083 1424376738
1337930347 1734817654
606362193 1876743961
1444237802 1685856905
279678700 350329111
664143727 1082795772
1478783439 1898308149
1631237854 1927091078
481520290 1532848993
480803417 1646751340
686697365 1741222109
265101927 1065693796
812143547 819843654
211133709 1302101853
481209040 1584109907
782428881 1037998810
279052814 1582411557
617951138 1132000595
752390182 1309275025
1141473982 1735025533
277869673 1912183370
136257096 203027473
543780146 1927173395
102089046 392595873
647284416 1171117572
1259984171 1740384095
491521868 1855231409
1041964005 1644881129
81829241 136874649
1521784159 1868561359
1812844340 1985495207
1735401329 1844849246
772406729 855592391
521003117 925221603
857628898 1913911240
386444265 1032849047
273359452 352624491
776132437 1467124654
308892821 1130394340
580612241 1428042220
150087527 1582822563
1733179287 1970832467
101508024 1409737519
96522999 1593305858
353681027 1762259657
1303448046 1603149349
462218627 1542790397
803699954 1338323215
937111866 1726445916
170463456 485281337
253141773 719679993
1560512012 1846847975
3804535 1441875147
348045715 1533802726
557816191 1289148815
1680651289 1961969664
458232848 995240331
727947143 1249483460
507160723 1992198815
126405656 1645519172
119748962 761844446
246047961 1641166643
1500491092 1608933207
575682859 1984422504
983595185 1953170291
1705252579 1797953636
25635374 1689356508
1244565072 1325775375
233983366 760060929
1306979598 1886081800
287453803 830942005
564125399 1086492165
786058438 907623646
475826306 1099767508
155429008 442798039
565913078 1199998416
340082463 1621509502
244962444 1063848531
1090636615 1358021145
1645170130 1780373948
938157856 1218374545
566575007 747532152
1303664132 1480937529
1817356670 1997419401
647079796 1278407283
562251501 1031172798
344028509 1074324717
272857563 1804890718
6138953 1461894551
1260842586 1769578985
1149899218 1186464853
631423284 913063587
1358545027 1991618732
354998043 812688361
701206985 1974441056
62121771 727135902
590477524 1556654083
765985971 1129615411
730614137 1100165926
647844941 1717094985
737031149 872962473
1575184884 1594871284
315615696 740142347
1028592437 1802522454
1254293211 1263863456
1509087087 1758066997
4005473 1264883442
633027771 1255664687
1108550816 1306559483
471543100 1705934688
598571758 1045355950
77738745 688901896
839498261 1850793715
52749861 1053496126
753389197 1759971572
828260715 1224735015
1148339990 1569073747
443327892 466171037
226655693 273512413
1287227443 1749848745
325790635 734332811
108088012 1144073224
589475174 1534100625
814801152 1334376648
31907562 1515866265
960197208 1702855593
388626456 1264181590
990685899 1658204129
51768898 1830353612
868864844 1926023652
459187581 1887535146
955181890 1325433764
380710488 427162444
107361760 413756800
514441011 889000232
546113117 1160043330
340567386 1631006062
27128832 544327372
988209298 1305671946
777532207 1626181796
5068740 1076587892
539823313 1852768531
716779901 1685943119
386163129 682085720
964847165 1023554407
656172785 672422682
635242641 1887980374
1704090952 1924375730
340515614 1682198168
1005167874 1116932724
516374402 1401840267
1382546779 1781205440
147965422 1914921987
89931509 1005552399
236381821 1742678389
1217363639 1982641366
597295584 997522747
1158846898 1410077199
1283245971 1574236071
217026816 1631429670
1077211872 1417957357
1585004966 1846073281
655733917 721621959
725813884 1640560699
1071097149 1774038302
1747871315 1999079531
542430794 608326861
1077187846 1912413303
432145509 1135543381
416785475 1357927880
1035896638 1590626699
685319558 879387877
102969863 931802611
151976703 1837866950
1445765033 1751376329
1700473887 1883999471
1234059922 1960937400
996829488 1598986360
942605429 1019571504
371637662 1960303850
412008020 988857008
717607669 1191708091
167072230 1700551530
57023450 1961807502
1135473303 1543677450
1077888379 1131944814
381038093 1599088085
369719028 1762388130
875291512 1746010530
148918830 1299152413
124468465 1609640052
139264955 475431769
489134018 701002720
1156662537 1580999665
445401148 1371097705
30574801 1406738980
447780395 1779477676
1238792817 1504111490
3724991 70391097
91995005 1396063165
701268703 971440474
1521830121 1903694989
1770385359 1844973653
284512947 904462279
88997117 995649171
1267344661 1611327873
974073150 1808536700
184704310 565632044
392318144 1774206623
540994045 1216489210
368710592 1887373615
121680434 924824857
442434521 487129210
893480248 1808215114
496578858 993910023
700003330 1809319448
612377780 1319152995
377718408 1169037381
715766596 1377823343
342851647 1319072814
1296404306 1463608388
915971019 1001641623
634802470 1590684507
260666455 1857099485
165438405 1133486952
10100959 1171174543
1663830635 1719871799
248899791 1664746045
511957084 1278387340
85278438 1497745430
319971282 1621417283
937978621 1023767412
465725334 693592053
323113406 1841884104
1383842676 1484508028
688651501 1625290472
4039871 1343722064
714312878 1625913784
846178816 945232322
720993876 1161819396
446271473 840754564
563535110 818643185
595890065 1867708292
84499572 212905711
1291373889 1530718607
564846876 1725407147
807310596 1509273075
1279302944 1966762499
720753528 1561689583
1233538881 1404969654
822881918 928837027
619636759 1739837708
1653096236 1671973787
69656782 493297772
169556042 1610903053
1601284799 1616928116
1553082593 1818060750
88515174 383251860
774329167 1428762045
228899386 781667298
330319930 1845292397
365346607 1646732185
620592338 1362519676
137037641 1702809136
736517688 870975960
555105082 559189293
232967822 1410492920
388726211 558167104
1941863302 1954848907
1031221025 1902585980
1952126061 1962033279
207571628 1958828062
21006325 970948166
1311923032 1854562994
136988961 432800102
474197569 771756989
949826557 1913726025
906036208 1012934300
439667144 1099821895
874481414 1848611117
58915924 1735990558
1641186430 1648798207
1285659042 1692605964
388941440 1243065740
364810810 1609728268
939627437 1477396731
1564399457 1788265870
1133170485 1267948627
233715228 1093669223
1514917470 1631236195
1386748133 1906957554
1552526438 1787143816
813162488 986531206
800449290 1377376127
589412996 1013046904
763774779 1060166544
1256885035 1795741365
467743032 1768900084
638573796 1900894665
1280016878 1611890274
162712953 1403972126
1451787249 1932839828
958181048 1024100608
1773906353 1888591350
810468350 1483087530
1362674532 1509283738
1422329243 1559991847
908185749 1398305299
1276676955 1833353556
467826823 814591270
1261748029 1527709586
663432337 1664567615
530348897 1990416689
12143530 793110257
374779560 1076520640
164351723 1249433010
1206570868 1699730881
461655057 1627532034
686632582 928563311
937484735 1899992807
1054718196 1611333743
664550227 1112733052
626276860 1896313549
991672660 1055707968
463556371 1640673261
1087443715 1625619707
821740192 1331221804
218505241 1984413531
322528640 1216292233
179264032 1303296134
140829603 866075351
794420432 1339197185
15537308 1135274926
459783112 1730256335
319377973 412182808
692310693 1575492329
137402785 1396683949
799013332 1581090746
17249082 342642763
426249 807859203
613807183 1823359590
371945643 511268382
114321665 528029909
766794236 1698913507
583947612 1077370256
816508939 1041738699
98751653 810050861
542017442 1951598522
55409047 807025113
1302204047 1536883332
416693734 1160105367
404504885 1272198340
96013327 415923910
558544871 1865318691
89651134 886070525
441021907 1338725002
614613181 1126061229
839150308 1914266581
365505472 374341344
509504296 1205102010
204881859 1823986868
129276323 1036383929
266351493 1911448869
1787383 559163488
1056079588 1411971372
1045864315 1663659809
335514125 1319112540
1585224200 1943396339
334048991 1477251782
96572143 1946307363
396254361 700272458
187621383 1270512916
999756753 1022282799
1046800541 1267408899
1400230578 1918357418
221756728 1828135554
143231974 1624736927
284161011 1139615947
277342768 1569547006
335655024 821374473
321655765 702346927
210717742 1081099968
710420919 1187485525
565989207 877404043
42368069 1186049066
631118852 1823506599
1653781464 1912232056
809953358 942954071
867484320 922153419
416014852 1107621361
834527134 835667793
296218664 390730314
420295290 1796291244
599644967 775190145
1424988322 1670671385
499169699 1074825199
515047408 1149074378
394658877 962007735
1617997346 1942560635
618862212 1138537678
781188505 921562212
612132745 1328106642
201787193 820158397
716546577 1865960200
29863301 253702014
623896965 739108333
312099203 1782928189
209295755 680412750
440591614 1186987816
550031848 1773644827
295078477 1995370702
664963618 1499081717
24949744 130442937
1304688760 1683554160
362030058 1101157532
587085870 1764617076
388074592 453955766
598084692 1711402787
584529872 1244029100
262600368 942712032
124290788 1778872377
797217805 1991426046
281261064 452999927
551631065 841863578
983004136 1065573272
1416508926 1779912876
589678808 603557861
283414826 521718458
1321479176 1873350537
357791824 1206798123
393167628 1663162567
696542679 1294642538
472177076 1090985765
328314208 1235711040
484678511 1494474880
260310910 438121962
27464264 1911291051
487064221 1980525142
1212310378 1580418432
360858446 1860288139
1710718829 1784573582
1452530532 1880039221
1528650879 1974749231
239381217 865430569
1297695014 1553311284
15432755 997962785
78072258 940317618
738342503 1101252148
1035318156 1944066693
1049010456 1351007846
677379482 1722372220
819088874 932419751
519309733 1633982012
612561313 1156500667
79434483 500895762
740017974 784558682
1449131199 1781323468
462613040 1026684749
799184676 1702563332
1002128231 1347897352
167694333 1142839884
9443147 1594803741
1006737249 1356810709
764670145 1077586680
59808669 60732434
155508654 859903640
8390482 1725770743
804903017 1176417227
1447479790 1854904209
1156728636 1188606446
212735382 1046249628
1222958750 1346530240
567983329 962431539
811856680 1277472779
932978609 1240944757
1235707803 1930598684
36896978 410543678
231276823 1551037129
174356790 522406618
298862401 1809817406
764325149 962493234
664163758 860594582
129837324 1775161894
520603357 866655243
253628405 1662730204
655829528 879582870
158763806 1841319708
296248239 1593439605
252455892 939222516
139904134 875040336
265110819 1992156973
1107497973 1650787270
912538239 985674240
609949645 1939335037
1867148534 1875782121
249038291 1029319483
1448361434 1675056434
1022499653 1139503078
1001722528 1050314747
1501804099 1934013780
114146802 1091601180
168558424 1060854195
808650280 1050086744
118748611 912988191
745142083 1314248473
571030043 1399115022
860015706 1161120467
409699762 1233443755
223487788 1053643059
867156726 1265309949
1224402019 1644749750
10785581 241936218
197497443 826428023
1278202260 1353957849
324330821 1014857070
862071211 1295162844
177459151 249685737
399202622 622352016
617787888 1471344102
1613320505 1716811663
1160518776 1842278276
84714274 1595959737
495170760 1181191519
1150858455 1939440846
1094212924 1357287535
145371552 990658856
985822006 1100447233
269835846 1610030734
635188806 749976922
898732094 1360383733
1187832027 1405945406
107325328 1627179706
376602693 515575552
1007664639 1761121398
487409295 760620627
241897977 1350688313
881294643 1444408396
463095945 1209180432
599610270 1709378384
705195826 961262041
418792986 640779090
779899460 1518619101
1628949868 1811781381
255571000 744206735
3580773 572945315
178319818 1290121734
848887744 1446990912
143338117 1983548681
886866482 1194607596
197601486 1312634642
287021648 1404412145
304297025 364450677
947921081 1421589650
322308272 1723159647
860347883 1102570088
1284906578 1994085601
989083034 1960681146
1563557153 1875193927
1159929185 1418764949
930052964 1932905232
505310320 1541450597
403471979 568739080
272026058 281358101
1759094726 1780357949
990154835 1961173039
1414129309 1929788654
1405338755 1464127351
18238484 1494025639
1235561873 1594501676
209520184 1781563950
965702321 1129777251
126422505 1211477845
1331658362 1791173325
1115241988 1823859849
787366659 1525863336
14973117 1693884754
729863852 1351006036
1127236844 1554475331
116994072 437627603
558918319 897170936
377366841 625676464
407492837 1614524542
84324271 586072385
910933343 1259167278
157370453 1035898997
569374148 1783313833
254903930 877908930
201072624 1264424993
1424371850 1576022464
57943711 1366365964
237145356 1036024923
1684909454 1990210807
574783308 1626707985
1145103230 1322787731
1383538977 1914813566
157124855 1716235393
317972730 1900545830
371027775 1328605804
142342770 906165777
265787206 1204483798
64845596 1960011504
245179844 1786016910
486772678 1006532514
20929194 1515441841
834703352 845426914
238014442 618143793
773877706 1861167242
309482869 409997872
340901460 1246683726
15662300 745537374
1276936404 1569236996
1483482524 1518312167
808472765 1797845725
263285350 1858686677
130426132 150846350
67283039 179291754
878166019 936371351
92732553 1983206469
907679683 1930983622
74470465 1451411866
489935397 1230153751
1089460594 1614472683
798706102 1890684743
421410601 864084760
230852206 239581528
909878001 1733025398
1766326492 1827181075
293111583 560156122
347671217 1645417260
838189010 1743104853
1023343181 1596629354
761487787 958618103
395168591 1975270239
694939489 1076035937
211919803 860773333
72723019 919193915
2028526 1449557342
487184155 1494525834
929195266 1612763487
1456487117 1945648418
770899596 962920487
481262726 1957237139
621467502 1908095737
1079126217 1439421262
532869465 541982581
687234612 1623885002
772086085 1673778502
1113255803 1936854844
9285471 1018173250
393446637 502712771
42773092 1534150251
1544920863 1673673455
1120097647 1614727947
246484992 1051737414
206335479 1876930769
1420009903 1429322647
445618496 1928613503
414714168 1350623468
103695563 595806925
1414497001 1945138004
228817951 941344691
703155832 1558648520
457023479 1033640289
635664968 690581930
339872579 474218113
215814074 790278041
1227370267 1522097826
399578187 1338147679
383519916 1599342920
914195028 927552736
496638256 1727397267
171763948 1072716281
272540610 1138161263
530356492 1669274850
636582896 1700389815
84013997 164469543
1252602349 1653570977
355051981 593965382
209081237 1160348610
954378754 1914015900
58073382 1996418986
223704014 592195454
1362549123 1396726944
1594322672 1646103640
73301945 1492942081
807155933 875538105
390471314 1915553573
737204384 1658837681
1194174614 1784227053
1389615475 1643560226
433679089 1105721840
140074615 1246135586
262520944 1531285266
151658808 352601262
719029362 1878572395
1140543738 1839859904
576763449 1500198857
400646480 1683458031
783875548 1325771039
536151155 1410128908
122527798 552287398
601189066 1144738275
416390430 1514796058
185950620 1081103338
425323636 1488734654
481009305 698340271
164266311 1374099694
641389549 1873500625
1020526866 1509774947
269256828 1973064080
329424764 570340342
108987487 416465311
670195393 1683119973
1135496068 1273661860
313035784 798914198
267520411 1485310127
356643982 560617781
1299122414 1558522814
226878874 1042496569
276164525 698638869
43729218 1313578445
1612589322 1645694165
1747710 1839463495
946591840 1648313300
1188887998 1629259909
248386795 1016137000
281232015 1409706215
1127164166 1736886913
1033016229 1484568396
1231626585 1679452618
474626355 484107174
1547418027 1783166851
34560942 498703031
826153839 1854671376
405901505 1329122643
875438392 1255115056
1070358603 1402943301
1240137883 1565216149
258590564 1677786745
780757338 1536792882
686381366 1746285667
1022214136 1263404767
193895912 887807673
815686644 1301970042
1720317709 1774615603
60484252 330858495
170147274 1140797511
713264886 1011379894
187234670 794614618
1357322985 1935262404
40563177 121797059
775282092 1740198612
89495061 788851305
168768526 984801300
200228077 698891048
533048441 926271254
32569795 1203790296
1297952437 1848265949
9571135 1435895309
1776502094 1811856991
143792683 1819385019
1066116118 1910970841
248491829 1443641891
54035631 886795138
159220298 588321461
209621173 527790784
749323416 1100802634
1048184744 1310989578
925948695 1638293111
583676676 824170508
176912786 666067730
1390557473 1866863024
437119254 1606016838
263686411 568499198
456426206 1941411756
435651609 1044240675
12825727 1803995055
407905420 909417763
502720660 1649182679
1067515266 1071595786
1063335920 1817418075
1568552715 1918194260
744351948 1066091926
1245953985 1471449210
1090644109 1406174184
185368746 358531852
407263298 966940001
1095593278 1534378248
304429161 1079113580
248822121 1443030755
1258110453 1306117455
1156936072 1313185307
1248097080 1920743664
1137384115 1875497669
1212452816 1610779851
205355650 298756210
337461769 689946459
204841615 1126027822
147096987 351785215
442648442 559946236
662202170 1872511017
1811531173 1959665903
1294664895 1716378759
96115881 917871689
433177817 895349041
237791218 1474386265
217176993 1388112231
609912042 1219496217
116984018 182858257
50850298 1746207086
187851304 217493749
696664074 1059329795
375095824 1761136951
1683390944 1950780251
648200634 1018891685
162087292 1450776857
763411967 919958332
275718566 1927061651
915942716 1598410414
857958765 1449224865
1049810856 1815582385
522722084 1348541540
942698302 1805394753
879699422 1955362298
606043522 1401337021
233562878 344006343
1129600411 1626943040
1309439796 1770882137
546652254 781200818
290408459 1373625678
30600174 251437924
198979466 635466191
1037866138 1322118294
121581001 1590145542
751562164 1192395762
655097737 1120787530
419275650 924819822
951255763 1981109611
439965279 473921725
1097587577 1867956399
496007334 880545681
110341054 617026446
361091641 1630954413
1166010844 1217445307
1071462547 1786000998
472371418 656673790
1163637765 1200984365
109876030 593996363
15738997 514869929
1414059440 1889199462
404111787 1111809104
1208891400 1950582621
130380031 1800405503
1001894060 1452680226
142321723 1202569395
1190597087 1860456898
602247938 857964190
1149696608 1229025761
924727584 1763719200
1131280661 1980962794
225002807 882757237
1048859359 1929893043
921873488 948222350
376439525 786161193
370606655 808834187
92054760 403482162
1058590865 1821837566
1093903771 1749887240
552185947 1825839920
544678199 602167007
1247906418 1387482942
1500606535 1681698624
836843463 1123165448
6994431 907946549
1082845571 1143632215
5699426 1409252859
150392710 1763622339
225281483 1446786396
778312889 1775377416
1379975011 1718858954
335135232 588676555
560549762 1866639973
463307165 1084261998
598911340 758869780
510606309 686842634
110861954 987744264
780288225 822463011
975553694 1047845703
1335835456 1814592867
79490288 400055786
896285707 1411100423
367583575 1558255073
379737999 1133602431
1397300367 1841706029
554377538 1464521055
1770366804 1828289113
1656547 758743298
81249881 1196531781
1020572890 1995788349
288921535 1765851781
1086392306 1553119932
576016614 1616632829
795891204 1640627769
137923009 1850957475
15937698 954266435
124905108 1527095476
172261250 1999141578
1263815611 1864529267
577447199 1367666993
681248404 1774490125
1738312090 1953275155
1101570073 1928223098
576874960 1276975146
456015023 650923868
563397913 653187396
22479213 371080380
478820914 504007101
421794716 1881444188
125627967 616004087
754842631 889267750
1863324104 1889495701
544860078 1454557930
377146184 405987312
115183333 823454477
755638326 761110533
667753602 1341952731
237736496 1296342171
285233913 1020831589
585485270 1780847410
396610600 576148038
1210984249 1693416203
1099459791 1130047406
744029279 1193886861
928679984 1381147701
147451255 729842310
1425003909 1700870946
106335831 386034986
63233252 1189770446
371818130 1786150237
108846267 1105936806
1280554964 1516488599
800215009 1829190817
223505100 410367153
879635733 1797770845
737197362 1975481005
1002302188 1409834236
459201749 1868100213
820185339 1176157505
212904843 1391793204
894194963 980105924
1260293694 1367945945
377710812 1198690227
499965890 1203665653
341327868 1901779381
13061951 1157039969
151290561 1097265795
1371042325 1430092488
923381020 1898517156
657710270 1388106378
692718054 801683867
489707251 1586814661
1075225815 1387107010
1543188379 1937719149
267666544 1470494579
445392610 465403272
184487278 1578701099
1839202972 1972497914
478462346 1193644120
50795950 599010603
764168137 993807535
1944977221 1976755100
1389546838 1417700064
848702893 1957180925
208057656 1574405641
474581493 884393873
997968756 1781060377
299802275 1277990606
411809557 1315943402
1376452296 1505493479
678030992 786828204
1578143897 1878321789
1175484249 1412361077
1092141178 1487293670
118414334 1264954932
412092214 1528324065
32723809 296608675
1628781322 1787532002
702524274 1276431871
1162601328 1798363131
226251577 1311613262
1439944726 1879105567
374026065 1477969829
144396278 864857604
499304660 1640160155
808801017 955526997
921016930 1199986444
898808206 1160431416
833925959 1919554157
672146801 1592200008
378952164 599445191
293794034 1248034199
1214602322 1527275540
1216932337 1772097089
599685880 1373800770
1225439425 1608701414
1112362798 1558190652
1079940944 1552812592
1092472396 1914880949
48761517 807480482
394137701 1963333298
307102963 781919027
697929806 1687518322
746598841 1928136524
846239724 1394027579
107843206 1147533557
172951360 1555618106
167593414 1112064858
58337473 904810442
1188394347 1564884797
1296639802 1670147077
92828202 212955929
1093665962 1520842811
597948092 1729298281
293589742 1315633422
1354683845 1638031090
724769154 1964680865
13205257 752228447
1003969251 1222193106
164752195 422885136
263655318 1755242186
398043052 404366467
535518044 1785229501
273217437 984336210
99817397 167389162
877859381 1562261118
167541565 706264729
177760408 1449031623
283035715 1781856003
1320763487 1752445005
1646053941 1706700171
471851205 1749250773
325891776 1197156391
765646599 1135513541
311302793 1935126833
439741621 1632281447
376470800 1644218897
221543954 969495426
421725303 1300059079
1507668681 1614098162
148947312 816933876
1397194383 1417783127
206060454 1392771295
655978198 987406687
915546205 1835974858
119911639 1866644696
1664059674 1778599635
519036314 751445168
1180252150 1810468714
44540347 652205142
168750524 980087383
421451984 1275583352
1394773024 1440504936
480162194 1952764577
312470686 956651378
647690447 1151809196
229643299 413030407
24326745 1426441488
427205474 1644827923
1229023895 1769509989
1337379099 1584527627
393181236 759601725
496628774 1016454898
961783408 1453285072
33371360 787477236
758669916 1569021052
102874227 1083196796
35231862 1143996517
311920153 427577692
971887768 1176288437
1182212860 1331295594
1482022311 1903055555
1251432873 1403596235
607819864 1473362186
232116771 643093769
1088881414 1089259074
748129626 966378501
1796991000 1974987850
515841906 1798731000
363049439 1743187612
880310968 1237995940
404638784 812005415
1598386020 1914105189
1492092263 1528308584
1077060624 1438935802
756976360 1021662137
451609600 1599913735
1641791119 1995965666
396781376 1204459876
90445743 414103828
1856133775 1929795939
990122691 1722251736
882039351 1657230906
870240388 1938759338
580775280 1294496824
482118958 1741291566
87910942 143616844
1522202201 1561792958
1504063894 1992461181
1158530458 1651704990
1371788154 1547637116
894689878 1943505184
473813455 839668899
990636694 1711673473
480488974 1781960646
197430004 1848866361
1153923896 1259217586
220273956 594758875
1769837700 1948606229
133870832 1754791202
222712334 580770018
1335545632 1795642108
418872154 976028106
168527850 250400985
1158718746 1698220616
1842245775 1991788956
558587912 610052178
811566283 1504629299
1000663194 1742367498
246454852 1543737371
1603624923 1633293609
1662815119 1940481355
82688034 868968868
888845520 1845232526
269959758 375191542
590679744 1381169183
360851335 816807622
692226260 699171875
1580663324 1768427233
1383652265 1830274336
87051856 998667397
374908768 1512921463
148400334 1014517751
1105037315 1766716460
461881120 653891685
162167569 1397193415
103525757 709123895
880400859 1483499585
509783781 918531654
1571834522 1618858601
805321318 1524498629
878380014 1826823067
1187604225 1316316836
475270170 605951196
1160102026 1755431951
1024396880 1892170235
941935567 1402183599
492345205 648629677
637717287 811599787
768452169 1876230694
1003396715 1470389472
1336377416 1888293436
1391671076 1978930119
902926000 1013849027
687879038 735372114
791039002 1659924383
467760032 690983065
257374289 1892920762
688656371 1725159599
1435723932 1553402585
458942423 1528847710
280285124 560516083
931350370 1757860050
25304818 1272680593
684711198 799775899
1603852168 1689674645
203545166 646237669
77276092 99186960
1152751908 1440333788
21887393 1169492722
1574381222 1898474435
415015178 1142636703
980752733 1322538766
476153271 748955875
205090749 621676064
273561432 1119119770
741481890 1360410144
5184173 1146706884
902702445 1380189270
3261327 57799244
1262189533 1285767156
162974445 1517254049
152063812 459642091
914237345 1957528046
913680755 1280345986
183405548 508947085
350069649 1951833187
690024538 1689291246
169471356 648127330
607751586 842861495
133807857 666266942
374881650 1621885831
712205217 1877677194
280717994 1381848389
1721044795 1972418430
622913478 1588464759
394042715 574511161
877322349 904342513
15143933 1941729779
1384436537 1630171216
499431894 1480924857
254106730 473696739
794348016 909772275
531731824 1997896645
254547215 602185707
1396297065 1754363058
589089132 928708271
345127827 674838646
613166190 1144225707
504197448 1271743881
39996844 275928029
342245531 1854107101
436792206 555680177
240393600 270142757
965131573 1070216397
780971835 1905369290
1494384979 1953612278
630996672 1463108709
177072242 1989424726
787240682 1532403339
837239246 1617246474
1579308215 1587561536
614105569 1248501791
652484491 755615924
329684085 1921367659
17500090 261701836
1011346655 1663761917
1247694741 1834058115
827176585 1241445774
1098654702 1835930859
829932115 1133233174
751702297 1860260726
85013962 471098335
466709683 1565899312
1070217033 1173059061
991696585 1589938328
203233461 1773338062
1490014074 1804269580
240694111 1029180923
1003537171 1743494796
341835043 1866189016
124343670 505053534
1096441368 1700461323
1614864309 1721871220
576845861 646881447
28953484 172244435
342303110 1863104818
497416283 1334928234
1371300048 1671181629
305012676 1932226177
797021813 1237581255
106603726 908699120
1553587404 1842433796
183644223 899362566
1051894660 1511830097
977825646 1491260457
455256001 1912919311
1789825255 1966134733
633249798 648640675
472079540 880367208
1155898002 1997472682
427210059 1670103909
617293511 753965568
297028735 1403042585
116871896 1287062959
117391666 1637865120
217885951 1884756648
891885303 1074266114
15956802 1067509268
1240220547 1314690707
1511069376 1662134337
996714317 1180637515
859289272 1368099859
34605245 154176047
1444598460 1973632720
12528519 1183848080
423000545 1229887981
1098561528 1624949359
261851873 1897032441
254159284 1087677913
316739339 818175122
1528748396 1572908076
223031727 344946081
754276201 1700077513
875600693 1338144074
498745745 1899191079
722027001 1416058957
1254818325 1402881958
863595977 1190458320
586469110 1181155463
206669027 1800474956
599881441 1420849047
971818942 1763454689
100627913 1788180805
1933360904 1988216708
786803423 919294842
6108923 1005232560
306219503 1570478198
560894413 699591602
94567688 904075027
1245130593 1867560201
337506897 1316224046
1400896304 1725975078
26873096 1655328508
1375093446 1916647462
973361098 1569854042
1788135763 1988582224
1184494193 1227227286
690953548 1106957054
541550111 562964707
1285049904 1977675827
1226869162 1524140616
248974564 1950572838
615385266 991274323
380027753 877671118
1495120701 1642919165
843001293 1614417700
190749700 1509303938
186932993 1750818866
1165058686 1753836285
845280435 1402450485
851178399 1968748370
299481991 731063788
786558732 1208167110
619739928 754050498
1213511165 1961679718
1429901588 1888585051
279169464 1927806950
166447308 1066643034
957818518 1672246267
1190684427 1307499594
492054959 813824447
266439032 1675856871
420971058 421630545
1071420673 1972788897
253557011 1015782695
91433663 1715047938
440781658 1082427398
197034933 1906320416
856201940 1533745444
1557126633 1742406390
811870337 1384448746
789210856 906822974
183459436 303263808
364060170 512745559
1051484604 1571616238
232803469 677179853
396058966 1053658317
90121981 1855565190
1176006440 1242365488
329915871 1727120628
251208842 1707345906
214353909 1114775492
123848953 1728413140
1060272459 1400580167
65402695 722009511
1089979638 1582591832
105221939 984201310
149853071 1152287487
568159948 944066371
667729309 1650791205
308607081 345234024
162559226 300176377
474213480 732282213
274860796 306271716
705755274 929255420
1213963875 1295318548
546642922 1771739957
1172591521 1242130413
50284020 1394163277
962609439 1318427783
917104334 925349093
663803411 1120247527
1258575333 1585662954
431300130 612947057
255454199 1653382443
399939384 1183511719
394647529 415030106
338929123 1929387187
396943415 1331747473
593935066 1507152525
602535997 1281792717
501538813 1451943379
455886974 1854778559
322409823 1110143173
165856221 208015283
690614405 722998618
13867751 1997504511
504186126 1398561730
611615775 983168200
902791334 1920885030
271688613 708056804
753701227 1628456085
523820039 877933604
6960993 431855266
127367401 1596676889
598875607 866405770
243712773 1968683717
624623064 916550189
498775618 1077900178
254357179 648449292
353240310 1466912546
1397613483 1713106019
266011075 1439295749
179296397 1787182416
866597033 1486435903
243538619 632433273
1275502412 1410210607
704428463 919600405
657740431 1417139260
41086372 692568987
111076145 738622860
160219268 442119164
136415564 1956447145
220537694 1436757485
267865315 1429756396
1224664205 1980841164
263751615 1596437380
609744544 1033191889
896183889 1544096983
673381064 1619627636
766947417 819482000
1208829396 1845187637
731347432 1714413505
159864291 257245732
244650129 1932438746
242860666 420100661
5956778 119388857
851795062 1762091487
181352136 975724828
1485398001 1764795259
884310433 892813741
593844185 612676417
520173990 1429296634
945656122 1548503148
292428535 1631489495
115525655 753231095
642658132 1588814955
87432803 1698585143
229161039 461272984
43249919 1943936366
710897843 961785292
18243901 1221824059
221891412 439044605
965172584 986757089
507010437 890676066
1951122123 1970763832
799977097 1754391170
1385429170 1649548621
279904176 1264150975
254585601 1554678860
900264169 1614827900
732556115 1268894080
1306556953 1500414939
1421584312 1799478688
231055513 231960426
259813156 379955251
699377043 782274739
898589388 949738276
380115335 1385645724
1020186054 1283069806
533781633 678583115
47975566 812543436
42448113 707934808
1271797086 1814981498
578833318 1904421311
841343902 1443533981
148641531 505377596
1089728072 1564446386
1365023303 1381649956
1011273164 1971598195
438363559 1672802409
37103259 1389650767
325124374 1474257150
264710419 1514461938
1619916959 1972960228
323900118 1840391826
869818193 1861974109
217886773 893439395
465352664 883291374
808863416 898699701
686204173 1552495319
1103699232 1244417165
600295947 1526068699
1658628673 1802762057
219252253 1029480465
1319263061 1618679647
1104639490 1909642794
435206747 1702525828
225258118 1332190957
716786718 1452492984
915435893 1244459295
1389229852 1567329069
994364450 1573523299
1505402313 1888570300
1743784101 1936582222
252055864 945547625
1378918239 1712907956
451011571 466929941
478637296 546285230
189550428 225024190
1212957617 1703065714
518484867 1933931611
556799998 928335992
769104968 807161405
315745323 1253728847
608276431 1017703096
93047673 689130447
1185850693 1891980707
1109628545 1564184349
418863916 1184119345
899005136 1320389762
829811228 1335244214
1577025194 1962610300
88603992 239153140
198482159 1921291871
36196371 299003641
1197171094 1306912831
83453238 392750728
1245395471 1697525741
1031183242 1245581681
372094389 475026243
515143758 1990319250
338668409 669638079
1312798973 1863017210
160634688 322405187
14610453 1816976249
1576265145 1969940939
543046399 1905611040
1748199203 1886588000
897962634 1462118412
779579462 1848209813
743751988 829204022
737245739 1932116837
954927957 1182342520
1227278265 1512818979
1585360500 1666029905
765987567 1553680718
310057221 663468136
43958559 1355631961
260282927 1730629699
1311077140 1553584273
570287367 758522191
91069380 621066472
1082971875 1695772490
231715599 1048505117
638014048 1400714843
698204394 1510497339
1220558797 1663747483
339995431 656119423
1177804569 1546917105
976772229 1449658371
1661969437 1767798260
193852707 527034752
894394695 1387320307
807458095 1035867359
205607180 1381926529
27793109 1050894513
415106705 419017471
1352870526 1811471139
490833262 959280281
881500446 950114578
111438944 234857897
618229427 793450639
32795704 517864538
1295753684 1909279200
53937185 1209362414
902519583 1356619693
1143359361 1934634337
1242889933 1382243837
528325338 1640270383
59301208 563849678
715910193 1272323750
433253405 1214896486
648348490 1860330368
1692754674 1794231780
435315575 793508360
412482118 1184469394
331965660 731185860
395300886 1102209336
950193452 1870210788
1211727643 1225551981
294075036 661523640
529635214 1397415234
162761982 1062088898
1803579077 1965045224
840204327 1255995609
1195141365 1410913893
78656047 1214093417
1185099959 1937707805
771002016 1424192903
810910012 1314480443
240326347 1291125716
930142693 1493766720
669872454 1469799100
975392088 1300857129
623628731 1329412519
988509951 1494929252
421823338 615505011
1641401677 1871834362
1484403629 1601330462
277460044 543308878
1083539546 1456221669
659677327 1464091492
400889956 1151356162
985123043 1328565923
495066938 802776110
1591766658 1974959371
1397865187 1491367092
731671986 1866751599
827106271 1556081877
623044035 1083730818
814371279 1606870947
691864817 1109168245
1798483098 1966825134
466970326 725969215
87498208 1382740336
162659669 1375075469
1411141255 1734200487
90964773 463477684
715135330 1836615090
172818317 1637357746
295249122 851363508
1162689263 1621966966
1179504456 1595048954
932688197 1728944769
812526315 862726198
1137553516 1893004733
1052895737 1607516723
517939974 652226906
543368853 616543130
445354949 1483824257
1426584188 1592702803
812405994 1057723550
516175268 1908481834
1282761339 1668627214
484761519 1769950982
1208414388 1326270840
511046467 1818059072
681510432 780192089
9975543 1087765345
211523254 817664264
138564128 216085066
686751619 1247994870
1698983817 1783394061
695479236 1908723729
9678455 1363642292
888989838 1222631491
329080787 580342283
849366403 860009456
1459042461 1992373202
269129053 1582486038
309127929 1325178413
480065139 1944780329
917253676 954945279
282891508 1497098800
350719468 1582501516
270584392 714213680
7330086 417991158
904613842 1368374646
1650998369 1795600628
71515220 1378609255
1389350095 1666447629
159254080 234062226
1250069056 1428134814
1466780190 1598839511
1524359788 1707888018
804541777 1758606440
521971389 986765448
875594425 1454845514
1043180422 1723220674
783974000 940270843
25463868 858117623
787499084 1123742704
1004706586 1543051777
959406189 1271557559
151556096 340819664
1131006778 1962341256
226487650 424867107
583232160 728035460
715168575 1934070829
1321146749 1781328883
426345703 770991561
525916542 1864920370
136759952 354071964
353901235 1096069869
635840218 1309192039
1799381657 1889909489
553603385 1774185049
193776460 676549272
141079693 414268903
1115175188 1610539689
264050734 1800973865
1170607562 1881777941
857992246 928879705
207027893 1632264929
24972672 1139095090
613332103 1033549495
1496728220 1887164802
469843020 811121596
511183524 552131636
1489948665 1564212603
351082240 731252753
128176187 1101773423
114011656 1623719633
369157647 1910066208
225148717 864388164
1264438580 1635269885
1801748055 1963231233
659304043 1117476695
840760814 1617443270
124663257 1853512790
888533829 1598431975
273870809 317003685
826021167 1530226861
300615585 1993746892
775166494 1553118313
31724936 1004370946
1178285203 1898928982
1647985055 1891010179
292750832 1420721490
543534411 1372957057
793928020 806995341
115460370 1698195016
1582083113 1963409000
1071897819 1373829999
1869318374 1918634135
733075366 1121706266
580478990 1188456205
830209988 1233957575
33419126 1409926206
399889121 1599512309
712391947 1797673094
44627978 1415852097
1577483373 1931240237
1079070203 1082304111
536611805 1176791920
1137709959 1217523225
1229216859 1414137561
1358267326 1678938716
350475189 1439101598
111999045 263260887
13017487 770687104
524524455 1212484936
827835640 1775766253
1025636776 1886820178
498478891 1060605606
864521627 1967440410
247589644 757886002
852518302 1344120143
1115999780 1260104458
457938328 686915515
1200424503 1212160840
567949354 811918772
67687339 378796925
987042399 1963865854
308262728 1006357781
1115843847 1201674900
539225173 1301764095
82292755 1386616525
1028236941 1768306225
155860529 1207213538
713907815 1391621006
508771372 995691255
214908084 563483135
1103195420 1109562756
229534387 1258176890
1029206711 1882625394
1559563855 1924583759
1577718452 1855232158
634488778 677790670
1162133477 1418392484
1005803938 1714328968
234314700 1401541910
823200901 1160372952
1471775585 1802543977
59760756 834832226
627819986 721759111
59055611 933342973
512869134 643307407
1631564969 1806852255
475395631 1663429340
1094827993 1607729893
16630727 1721692008
334258734 1820764173
450187238 1409848019
864406654 1154562856
682853457 1711699052
1223710114 1351274099
1913237698 1938852859
155706530 948488619
487392786 1909442762
1781790978 1840641368
524290098 1299545337
613510034 673666604
494975762 1220676596
1360972949 1792423699
1093169929 1794050706
1177793733 1262266680
426157763 759631123
1220979392 1462126812
731558144 1324989749
558789087 1887428337
94960132 752710488
893206194 1534978406
63327836 1389777601
1004370207 1773556817
1123899152 1507305640
385707255 1819203975
588272542 995475663
197675972 1326000031
281055285 1767605001
209172738 375040203
836645472 1889278647
1357106337 1501410863
38184303 1801164168
1339251139 1476359347
461553981 1710031813
678726335 1369101153
456347002 1409182814
949720232 1415013079
1261731892 1602208762
102090173 1478473538
1036267750 1748902973
505081287 1264358636
667019087 1249407766
212256887 1229079819
213143043 1480951212
773692067 1188470189
641964081 1966105840
521740830 1789806282
1161357605 1482906154
1114322350 1932826135
312484388 428266730
1418155094 1812314783
1182302917 1671453981
803213662 862135893
986227536 1968955052
84227137 1231313348
233134244 1187288730
1139411336 1739282711
662973027 704334911
1127198083 1608404479
1208278306 1717974292
278181220 1063458617
564613949 770380354
185998562 1161079500
593879909 1783709551
295081202 1175298056
146094091 169819918
761849308 1630435241
1074554654 1554909014
91127828 1209207988
579382252 1834640384
1476520378 1859156954
154056974 994725623
964208671 1699211997
755804662 1977015004
1244589416 1968087411
1137058930 1393050555
514571294 1018100782
537677437 1460125986
32318353 1920359933
1942971611 1961793970
1228836815 1627952758
84607252 1078770378
1321235766 1705852746
718388061 1861025205
180193124 506353680
441427736 1836112001
572452006 1598080611
124419695 219984489
1355965148 1356568358
410283882 735696065
336418798 624000927
59534965 1336383165
860327641 970100341
1526204843 1741066549
85730904 1878261398
292008578 1559768019
426675571 865287432
69728490 1032128405
868177861 1229159923
72840885 141699717
345402465 1989536819
228864895 1115724050
942611700 1254098854
1049453373 1753760523
1392040248 1997129887
878217620 1716198328
1212052834 1496982161
1162426758 1262028213
304284341 1736620401
832391481 1953730631
35625274 1717386073
762623991 950107910
518954122 762708768
43868077 438441348
706464749 1071847967
388565661 999941854
1222299279 1914937126
100235423 676342529
654053851 1135550364
434629719 1498185288
219985036 888475860
411103000 1769621548
455875892 1849677200
703097198 1041480382
1591570824 1593641334
202603060 444288661
119683405 1793236611
440394189 623268110
420481512 1492324341
895447861 1199847683
169652044 360834844
1324675861 1551806932
41404487 1029727228
1041159579 1730792558
555873849 1531562605
681383414 1691332966
619225962 1840888891
403709242 1364843930
587794608 1955044706
73393039 666947814
401347286 1061721991
200776175 1802289962
475083310 947594622
412204056 1531231196
363307824 626491519
868368533 1381745802
372000505 595171386
34583262 1168562454
751086502 892494777
430671472 985291132
841372748 1562802187
1152056734 1192984360
1140735215 1308614550
1422039481 1769018733
1110304562 1910142172
1149301126 1608033365
148683290 936357922
448606758 1443905025
227324478 925751833
132997572 1890194165
851638655 955129063
1271627744 1425016332
744418948 1779032705
39571145 806666593
80213055 899240893
829738846 1820146400
731011859 1445497611
191623823 431334754
348475620 1415139180
64704755 1435435268
990265419 1723349251
862036047 891460080
508803120 1703112373
612596922 897352045
150021455 157354924
1407561243 1437904768
254697829 1127518962
1179485392 1277652315
232208760 1597986214
267339272 1923344444
416427047 948758809
1276069792 1359228701
96457141 1257285865
1623107581 1928471041
83194292 1937122437
1809697546 1881702264
860908856 1835602060
1189460295 1583039362
821397698 1399065859
707941267 752857504
1532991866 1625311339
293813204 379501647
4454238 522622762
168011924 1095148656
216494430 286096290
369700884 742535576
217279565 1644092022
274057774 368952081
591805611 1340085033
605675539 1509480522
1081683967 1139883628
266224154 1808442387
1501845895 1809424933
272422038 754806106
1122169035 1359267702
1071395984 1172654619
1355789389 1758332636
514254694 1462221295
155768407 1306971423
1400132032 1938831664
668264696 1140590015
461270607 705903221
6845648 1434264835
835940684 1326553908
618777749 1095090452
993750398 1187185094
1292789080 1659085047
658052680 1036075718
441844234 501603157
1442056624 1708061033
41818095 806681155
160846127 732515216
446561414 1479248967
789029599 1821832897
945573662 1984311799
689915202 1565188046
542900419 1101213306
86438538 1732992736
1360364719 1625956132
1099397804 1319745366
1786655857 1809216773
917739664 1166315220
852580953 1844937449
538816440 1446854927
822522341 1235381105
827781345 1211672651
223530280 461014620
477109443 1695462536
1299473779 1664643921
645923502 1149554697
188786489 1555759734
272288154 1990555245
706162569 1641088897
810733045 1154380794
589095813 1400985716
1549766029 1972536901
7003697 1627932960
1394821549 1684665502
455705352 1892232495
606952025 1170934519
260707108 1358684316
1008700788 1385523764
791519198 1730173564
613068372 1099200751
1046795765 1607815351
326283546 490958936
675209977 1699807108
280832065 1327749248
483302050 1715672109
156840245 1517198011
854216497 1940461273
76272970 1158222700
573366888 1989008001
816735127 1403208666
197306387 1229038960
1383948365 1461130704
199685011 309572454
1308536162 1881139623
221656194 286790945
570583777 1568520017
421155433 619935620
835778786 1019106986
197706305 971410940
51273055 413621582
801392284 958726696
1147956654 1715500863
1371451095 1903646799
1578748199 1853770304
28667673 276949351
1478494887 1734435005
24920247 1660598959
938654391 1151876807
962986838 1967916990
69788559 429198668
631825858 1118907360
1723966374 1981986150
177419226 1759393815
323747841 897323097
1168874112 1953517661
1582609468 1893540231
702990669 965815921
437357173 1283606225
502190765 744569852
1068163882 1842866881
376379136 998796478
273179139 1057378573
831833782 1586258801
54620381 909808525
1304212869 1999328806
1481251792 1687418763
363621419 1051268381
897994450 1104295719
22057677 317259406
1477922097 1511647984
1289353026 1591718329
317432762 1969050304
192107800 1354529970
320651709 954749346
359361768 781692961
220632184 1643785995
147399910 1860495101
395298960 1098621262
646549874 1631105487
1134385891 1313281038
779700116 1140739675
63222549 444177285
704090412 1497953771
1136488981 1323439910
1709524646 1829277797
1080012970 1200891664
900284110 1845375889
489391812 925757775
1266835202 1860367192
91923126 1179897941
598370399 1117497645
512820017 844850616
1052950485 1507487441
410105584 1067560502
845688328 1875552459
1332971778 1734817258
703477769 1455427658
151901667 364095547
156594367 366461029
323902452 775058056
647538481 1129275907
431512895 1027738627
1235829990 1807894896
965855601 1974370117
297298430 1125080004
820467474 1663670618
892427915 1485736354
687636196 1834465149
93561317 1056095904
1031358570 1679423461
741032767 1510713376
422149381 602660840
1293232200 1519937030
694537759 1261852952
564369159 1820201661
36508506 1498573164
334873105 422879348
458738665 1091294435
1255987055 1847991616
595062955 1471823199
565857897 1022426876
1807454326 1995360191
1638853348 1804988127
765308776 1042148334
11162405 1760673023
941518731 1274088290
718259298 1442396545
252119167 1489667681
1200680831 1649155368
264357563 612916009
463352693 604532871
520601672 918785449
1325887366 1441962732
229285848 1160423243
1344864476 1613514975
397289045 1654992700
1183390221 1807050670
708981198 1292131817
1088789525 1210612584
883641734 1499097665
447219841 662064705
1221413372 1253130987
1776576909 1875847326
781380724 1314584192
1508334912 1667113337
558213454 1232635147
1502196140 1825093173
836203672 978113687
1221711795 1592946277
237218668 1159510392
87706513 900323063
236544312 1533092517
304076061 839616621
424349789 891985127
633478321 1294208646
491099712 1439180845
1040789592 1903854384
770936808 1836200156
70675754 1888456702
722091899 1159694941
212004856 1074393580
331388055 1163322941
233149749 1941719353
1273419387 1632602477
1006399494 1630117635
1204837596 1894013937
731367001 1841314505
250410934 879844554
797723032 1804109768
168187384 1945308875
554362436 662081567
566762255 1371309998
391513935 1431113436
725665119 1185921762
847307291 1541416984
471299435 1710372316
543554181 1392639045
849892349 1648497548
447282434 617629859
683050088 1664186495
1325948949 1543281177
861350100 1507235909
1594496455 1902865501
390315857 947762064
271967492 1822710142
211253992 1921596873
338417843 667567275
526529949 1830448175
319887927 896628003
323253286 502558880
975683122 1569782092
884869046 1407135548
985740323 1461135977
227804285 1879972934
443796501 1718920235
123190050 1174898814
410168311 845089002
914344287 1777173975
334347572 1064734838
647587424 1762287570
1889128394 1995063174
1335671348 1977240426
1500850011 1932068508
939513180 1041985691
72288279 788249621
1020450183 1987047239
410718367 766500260
404979470 503751952
1195355627 1530860809
1288375907 1334777326
1012641152 1507623651
498340623 1637093545
1020706308 1137269512
596995306 1234134576
764318970 1189323905
1081594494 1614124561
245953422 401124442
393600505 1412173196
44952274 214917698
759828518 1623246433
214870649 1738046293
1880753936 1975195729
122245020 1923086806
497672288 1150451143
46044035 480102298
476273954 480403846
135795764 970538335
708819375 1137770601
1601796251 1942378116
1056033925 1480034246
1301839096 1501730264
409845600 1609175233
1136551242 1363168853
1225107164 1631539570
567474007 786045364
448778581 1041406546
1158087904 1854894300
144051766 1594613425
1589242014 1648467870
666920426 1916667831
202262785 560078996
1317403632 1427531390
1353507054 1723336818
1631935108 1833710298
572625863 1206033126
1362745522 1411199086
1565159518 1916750431
702107652 1736741668
6435228 1244960018
1478483322 1793807587
964308046 1408492573
72921432 771539959
793090103 1525547671
54252528 538989746
139082097 1283062381
59600247 823706455
936590008 1303626497
1194729219 1258022057
346577288 551341173
235409131 1541085114
488802381 546358008
433341859 1301170188
326970099 1638984254
1241969044 1358596375
193437049 622970518
22995550 1373147274
1349772672 1744270972
456152558 891192347
484628986 1211955066
1502415868 1940241640
591180224 872213834
559666863 1001226567
1177895794 1626001752
15615258 835341346
1641971662 1925961384
984128453 1539360543
251849008 1857713108
454131047 779791839
150151538 1555938151
205772724 1510122763
354825334 1477960821
1381204196 1430446974
725374714 1324721081
821629906 1267662854
749474514 806447095
54996028 213700521
950756532 1240588682
1914427217 1931471823
241916577 1219558043
273728912 955040369
421100580 1161213686
1401089994 1774405818
265840701 307714147
701735022 1287514573
178183630 1994217032
673926727 1603674694
277061425 1277069214
835651238 1665303410
1466028479 1642928852
543016669 1881021359
254253882 1316907491
102748067 314825718
658068957 1750288281
456251707 609873881
679185098 1359582108
576124847 1287773641
454481072 1959349000
12603352 1038199629
981611405 1116082980
511250461 1935819398
1774157981 1802182630
622560684 1141502231
1497407209 1558185824
55448896 1223828923
402836962 1843833759
457793091 1344777063
145958859 1996053586
1027490424 1870009003
844393205 1086184339
386959502 1134063597
748037747 1913142861
696100328 1249615384
800120890 866607085
345559743 1391849971
615219848 1896491645
382614863 1788680976
277353197 1257958767
583728745 722475543
1695242488 1913917005
498491856 1304925096
47158001 1306040345
340154693 1590368301
63939813 1866717779
1661773403 1791025401
213063688 816406800
273200850 895551409
700431471 799898632
274787088 1072032726
187088979 607185222
463560071 1788925681
1370221920 1704965070
827413586 929660154
706338853 1071754003
25127291 319384455
757383886 1262519905
983777509 1123119713
1049762984 1861458958
1035382076 1054782717
1221987959 1385566775
600523876 747384568
328554187 826138594
1170286536 1373964029
642904581 732668084
621047018 1157960316
84647835 1084695435
580764353 1734544925
381710340 1465553459
1200489658 1880136034
98655877 1657249741
427205081 1304216091
572406523 685803051
292636241 1003775720
504166566 1880351177
693804925 1164179277
332582789 1465894804
1415516232 1712645558
1188772010 1659388766
1432966094 1719552280
643692560 1178247467
934305967 1584255487
297094720 641114507
1441387242 1856995414
190371075 1243371023
1348284406 1631765296
103324530 871137417
461224020 998572936
443797841 1748696033
488209145 1812497522
78363625 147920332
1797632419 1954591166
62535396 1210029845
73694780 604240505
624911052 849827779
1286864084 1514932093
811579061 1876705059
967785657 1291553515
280411016 866195303
822644538 1379009262
130370337 1312719589
775166532 1682829294
630769437 1458089872
441191615 1705170292
604910381 1247643913
649800830 835093828
125065026 1498259094
1111540175 1918482153
1177122423 1775456950
1739439182 1740682021
662884004 1988366023
555134591 1204306792
382959862 1524653829
1006737802 1112489317
1296653723 1822584939
746557734 1420833920
900322437 1737192646
547685894 1997797060
964597297 1454966609
1753527390 1974382882
92966960 1266574120
48554309 1244956027
307750190 602394506
466610902 592106842
1173703827 1202792363
1106526511 1320066577
449772481 1105830580
1381362960 1505687018
757667105 1340953588
394498073 1793400434
1071908760 1216458111
886900952 1904981853
660278915 1547001695
442863328 968822852
143421933 1240066989
452343604 1456011768
1862651135 1997210036
933997440 1809300185
1047150852 1606270083
1289540385 1321714807
876121202 1786687349
1323335983 1399148656
1344228569 1417753771
1093778812 1760654958
649594816 1590575281
1898487118 1924563854
311474304 591229889
557587794 1369718338
868249527 1049575710
523336133 1191638012
1684789457 1686359178
185081838 1416539347
574808908 906992207
64759180 1757600926
390616270 455671270
509350182 594825239
145449791 1143428897
295911454 1044396615
668377668 1852376862
304915976 600601270
1130742471 1160199890
160824183 312231833
917221542 1690683698
466593150 1872569408
255303273 1277802536
1104114059 1741446862
981943166 1479588819
1162539835 1367116713
870097212 1301519987
288962516 1799550613
484596446 1512248242
621617030 809510609
1058269025 1966221081
314138935 1115113858
456143859 678233893
258594263 1444407846
183511047 1590447286
1396656295 1427838436
380384124 787462459
1125560740 1212488998
515519226 1192222437
1400275795 1488071685
994380090 1462118200
1159444474 1637103565
1592652364 1877740908
788282122 1837939085
884068275 966615183
9853979 1890822889
336996523 1394109906
1401579692 1856462765
53249532 160672544
66798061 1174185554
574567230 912608131
95261425 1399636674
1243844348 1984234337
242453612 1814063124
784886659 1461269308
1217495487 1976147258
1158728484 1955823590
50220577 1164728311
54978052 1591195161
855158809 1161300095
575448920 1666122786
1449736099 1772999852
1164766836 1560759602
944708040 1810699016
1079594030 1366587600
564662567 1928934437
267976590 1689063674
249087881 1269084520
179741039 1720583327
776724761 1718200118
1025198058 1569261400
925691988 1501157148
670226059 1224863548
128560624 365060388
229719073 1571542621
1285721857 1600499447
1230300322 1931395816
175213699 834429844
701204952 1169729283
1360032981 1934074879
748153008 1922796568
542907586 1353971273
227832531 1549104586
1486770450 1700499342
604248511 1888397140
1276407648 1718219902
1155601381 1655549015
178383495 278517625
407411038 1220433261
124047428 1159053228
24940263 839620768
127931757 1183721878
591705202 884956674
1342466799 1535596098
245262740 494433492
676012037 1327419169
612383655 1239228110
527767132 739730750
625181570 1260124771
537841077 1156474351
261463973 1558934196
716358361 764331364
768799039 871084540
1645553275 1990950161
64511336 296676996
231810750 1778930919
234940001 428474512
46779494 1446299443
1279774288 1845592194
1332561062 1501639303
778473932 843840932
133515864 905782976
51157957 743944928
457299521 1163278029
648557190 1285524204
1391045142 1492191090
562570023 1124180305
326408072 1182951620
466034513 1141293223
219713573 1950647465
1394814837 1652204783
190108977 509984474
1272236148 1479515887
29817424 1075017821
574494306 1475116591
582520435 622711769
958215149 1338468482
1304962896 1907514076
1071129922 1940077191
893128905 1795382933
430931934 1344653970
318639305 1128398741
195082938 506883990
14451965 1959531597
827866511 1906838838
113574088 1167649397
816056759 1832216706
1016837171 1926918661
1269813484 1359872537
521584885 1498422632
1689948233 1969009713
1048790147 1741377675
904560233 1898577561
128520028 1808539853
889962089 1292345340
79443042 449243808
160240328 1059291506
770967439 1831868454
267853548 1328670850
144669495 199071092
39550696 1464508488
921161451 1704655921
746296277 957593437
11838124 1907316297
192818765 648497553
1029175988 1219702465
73600442 955302934
658686138 1508778939
1736863177 1885024202
665003092 1306803587
201692492 1046151152
608628440 1183732379
553392708 1546857462
120369255 1466570240
483624899 1552405546
565871371 1404299756
69921169 1489062938
311942657 1306978428
1083187250 1351957471
87344502 1899120749
51596747 1886727761
248218278 721389366
39343965 546863085
1074702537 1290014761
242692295 245430697
221055238 1050631727
217872040 245270106
216415954 414552696
82628404 1766088656
353251682 1127156226
20027331 1931348154
1535357024 1553915119
222300776 481147103
182744511 698810221
229695982 815518453
229019899 520284687
569782451 1607895787
709220456 1697401290
638846677 1881158519
43741370 1576293335
1046204136 1860148995
1392610985 1810545811
238231871 1278028737
1460773916 1884042386
267322552 827331744
687783263 774449385
1778393563 1949217746
1756602777 1891846795
371807423 443446322
950994241 1882736952
421621219 537800823
1029905997 1888985595
1317173699 1716280737
828472846 1269161850
1028311252 1219765794
1195959189 1579702330
491136435 1760262254
149033358 599474317
873481261 1212384679
414017981 1772399849
665260694 1032048695
110858092 1708984708
1861037210 1891503331
419743916 656199601
773028934 1118375880
457122991 797405067
160564623 705548832
79058989 790318503
45498637 1427066871
355776997 1302780410
1312716023 1481012695
170480534 721304646
181006275 615319945
606395022 1691986780
374703690 1572815961
584953280 1087014929
565415098 1487724173
512079080 1477036650
156760311 947134768
263247546 463316953
839653097 1806489853
814126119 1702018579
1691685587 1858153450
295116195 843818046
795490902 1035124748
517519462 882046178
1101666564 1169306338
214295114 1177954182
236813201 1752658198
821543825 1035439843
327054603 609444176
739080190 1426962287
770412383 1166209270
2051749 1450346887
759058258 1396155008
1271190999 1996537538
616480034 1105774504
672953356 936033313
1444137072 1718953260
245730958 1930301004
420846849 1839802633
468111436 1424686188
911557786 1765114797
755148174 807785556
1270510351 1671066211
414209905 727527178
1125925215 1947396507
458012763 815425171
855640469 1191715669
469555164 1997581684
196417862 376816822
262007992 1611026853
201515857 807747628
448228006 1364674601
1532473729 1725813529
316310969 1911856181
290257713 745761282
74214928 769352648
1338651378 1710282351
539477504 1233925683
426143364 1244413303
647251833 1133814938
520363395 1127140920
1002493627 1449363019
449685753 1663388474
1289553588 1840263380
951542788 1992657980
1064663669 1712729628
796829395 1022149403
617986058 1679792634
18940859 67675081
690183701 1961914583
1147257129 1801157850
1071786242 1131873417
406988250 1889104643
142205808 1471203672
402141457 682729310
935314421 1016466267
6741458 1515671018
145599220 354463474
530970875 1831021457
896275058 1536505981
1104104288 1559507711
220210394 730630412
656306456 929744347
1804910426 1919514071
1403738721 1561240995
975497607 1340472919
946219316 1844867474
692588923 935539143
653361068 1845914412
1407505760 1517681100
8833960 583256176
278514678 1727180878
890895514 1231631203
307882237 771577018
236403944 563295910
136916573 1420861166
1201775894 1707715406
52579534 831677693
450242676 1798979007
1075936094 1303309374
384934335 1790373884
677282294 763689515
512180526 975946226
1121090323 1544351527
784752990 1809687252
17089082 451762168
1029543526 1719994942
256210958 761587389
1027539406 1652082646
720899599 1595773261
576077725 1199612635
1134520257 1521460885
1746457213 1991705477
552992053 1122351303
128374632 975715570
881954929 1253415245
291593439 615645755
167971224 1876377759
1032367057 1619283208
1412210361 1999443491
737424188 1693064600
1248188865 1917989933
1277054482 1968934256
1374193652 1636980609
839191994 1712228437
196034540 373534080
1810802852 1855766790
216455831 328455670
523282687 678061631
1053843310 1269910152
421705016 1321610137
460272578 1937776312
290608468 1012484407
934052720 1251888580
788659869 853404647
1077272938 1323082872
60109136 1533195656
215920611 826888739
473616253 1447861469
1911349111 1984387349
362583700 508944505
325602112 1029960830
177144874 207520072
301527142 1300207357
399473948 1787279835
44509190 174483334
1370085330 1669946390
361130834 742733329
158707481 596026218
116971434 266871363
357802499 895059805
816508307 1897613726
1068704410 1508286993
402883455 717973282
1238001385 1401289405
1225264398 1776839736
220563533 1149630166
1571071385 1972424412
1339211653 1432381318
350711108 1941400188
483117864 756703359
946775003 1218347072
638922448 1694272183
766772450 1585015515
1264128416 1936687192
1077070468 1489198344
1193103872 1226516151
427953152 1213595806
374913873 1962435639
1390438503 1554683645
436583470 1412927842
880188932 914040165
3981521 1692392838
1179492143 1827152414
958587433 1911619704
114173339 399152836
1682759230 1792321282
12058613 1315398390
858394117 1750885798
109923638 1136994568
294782299 589132171
179809771 1240767325
601045793 1200952335
1079193432 1737021826
1919814968 1997174311
373321581 635305695
109786568 1164625960
251434212 1875195504
1346766111 1694178323
909689279 1138109029
36114467 1839239664
983193941 1965472686
778768961 1984439518
491265863 1541795818
1222321913 1705276387
877268229 914324669
579534064 1354987735
1099571169 1540692951
81972017 470466147
888733859 1252679039
489974397 1880528269
220277225 1164892057
1082056968 1308283600
746437652 1615671579
1137282936 1899029964
1710062965 1772213348
932548796 1725132372
514180372 1630761214
1415360666 1751258394
663504417 812608644
310994767 1812174349
134679339 1029604697
649249206 1865840841
513063026 1628676059
780676515 1043830321
791271871 1806547477
136738080 309848671
189810520 1121462324
357496649 1697131405
494474070 1367715777
365313486 1135719868
1588319033 1628566931
129833036 1571508409
127568060 637454207
1435565105 1786043126
963868579 1972536613
250856500 1309289476
1522540259 1984347296
57324499 1303410921
285259436 1795356415
143648964 1710546345
470994112 1403194211
68042121 1036827829
898228682 1748439167
1616801117 1836683117
786953338 1679845863
295267089 1048586683
1208642230 1394323311
60794417 1294111132
362774293 1632310015
1682889881 1934756976
48938748 191478382
544070801 1674157396
242181347 1820583298
540576622 1884432805
701240411 1482875325
762437933 1723874107
485429127 1710398678
801597717 1103134138
1640596682 1811752977
178178225 651230644
76572619 1818768709
1008778882 1890629620
1174874000 1441142314
446385126 1847140772
997382633 1991988657
894880207 981736406
219106352 1722345296
227477551 1878963923
281331645 1249111183
277691420 1497817577
407266271 1426952985
1049336738 1693074894
592976527 1724058221
1383883180 1928623339
793633234 1656771174
1041850679 1578713383
958344049 1433994896
148112678 913875486
394154756 1083992476
199959785 1207844560
734531020 1781246188
1111031302 1203273736
276511134 1100697824
1537895814 1786224898
1519875784 1671532248
439929096 1995792482
450546013 1307714738
1469056946 1617971543
4274189 241129670
777439839 1776929605
769412867 1794567670
1746610236 1932978381
135854909 203400418
677526102 771934890
333114374 446419595
85877148 336259274
1015250735 1808392436
1151805434 1455995182
770565475 1733880175
428294591 1963752671
106818254 1235818793
337744889 1959605373
868679563 930860759
1328130991 1699108895
896588526 1301066454
632672221 1680175222
528908291 1546833058
596246667 718512178
1779083563 1817713378
467724881 717763824
251908581 446422718
658895462 1201569930
355624937 1171420200
850126437 1215542210
1060990416 1867855558
476582047 523610873
867762627 1933898571
341161676 990220356
58635699 886179967
363555326 1327189158
682406502 1646063952
453886585 1711794422
29976560 1034531722
1034626829 1864096464
354790258 1425672134
1109775106 1256559709
219956960 822617338
75527333 765993420
669926412 1490694086
230124382 593808808
173330325 1997426340
324332886 1773118676
245339042 1357509776
116684116 1710985935
242980548 1307331106
511471892 1872158284
780819538 1417988531
996065574 1747455511
7699944 1707105704
105210561 1576224658
805914752 931871760
396549379 1535057510
402817539 759145166
312260274 1994353364
292081218 1291772098
478007229 1868025295
1017379809 1856751236
867568746 1686786544
61454353 1837791035
371812335 1019929654
992566425 1710938203
205058589 459911215
409212316 1562093756
546785940 1693236022
745351584 819006369
105261037 309008897
347594035 1230616271
1142287032 1153666395
923766783 1144964013
1221406667 1501617019
46354610 339635589
684998153 890856555
1908181815 1996935567
424635460 1381915022
739852830 1917012859
611963254 1516512597
100359100 364848711
1586452460 1923362496
127985213 1338350769
516531563 749271686
1316124254 1974077152
659933071 978027013
70079269 1909840480
405989005 686652900
457653070 1780636844
939934548 1598070351
79455285 1096660183
428384892 777400360
412316179 1806302751
832753937 1806424642
273224607 1854493591
118741971 1970225441
312321942 1681725465
1505548865 1795212088
340897478 1897941778
1411658077 1603332117
949026348 1714545054
800923276 1646384373
1283393000 1611260524
360992695 1897476776
1061560391 1173882569
156620814 1609710394
878900347 1863790837
388702963 1748854943
1765405058 1982328490
1042433429 1344952002
79362871 1743284048
1213744802 1506695857
423937808 868682448
741995111 1422002931
801477153 1268185405
1042463996 1188009853
862882600 1184742685
151111300 555096752
13450626 1576666325
1053483050 1998100377
60124828 340765636
336477840 1413756571
97635217 990088919
1096125462 1362627906
534819109 1578111186
386938349 1982005272
90955769 301756960
34715830 450199223
30987935 1143110273
912558203 1446640101
1296744959 1903010825
1112235651 1573890890
1388207707 1876241846
432981441 1842601935
116411712 1781900103
174894519 1225811164
632363738 1425496962
654244260 745640331
356135551 1983381944
301927857 1173639062
1001788436 1443126154
1229290004 1418235247
19954530 1550129673
1052913960 1370539141
602096521 702350285
826044128 1553197152
322248388 558843157
369977475 994796710
661700534 1636671564
1091970100 1263222259
150959674 433606792
277294526 1801416648
957369984 1781943330
60152092 1384717959
285373140 944797264
655472313 1041754489
337790509 1110166206
38231852 1761667322
473573767 1276252925
1457007099 1501529838
455819355 1393004924
1254691018 1924280685
662393531 1034354510
666023544 1687220969
1073549791 1949608245
457731367 815696441
395204394 1214862296
305647151 392930955
251653495 1005626621
789762502 1467453996
867696068 870154985
724122335 1169784705
83599943 1182988655
540305940 772080793
358226993 491874658
305409104 725478752
97279623 1428582292
734494036 1855931520
1585938312 1628782939
17298851 507666945
796353523 1545892397
419941797 1737195049
89294048 776515871
68996707 811035625
106420050 1909170861
424897963 1886263605
983142609 1986725198
192399715 1513201022
195320142 420837867
605187294 1225661651
317977977 1214803005
667465233 1247978125
1270761080 1747198587
1607080181 1792122346
259987562 718978783
1303525811 1751332634
1733387883 1980690078
591477737 1578915142
287656868 1811486887
884446982 1109411119
938533303 1328416808
1310174122 1680545961
69303824 377411290
23071526 1776256620
948004 436578514
621884058 930813374
649792930 894078518
735676588 1188616180
586421969 1320173430
29446791 1683932471
297467396 1986405001
802215155 1504986340
18771174 1063641751
652039360 1690536232
234862763 1819411422
250300296 933962035
1030382443 1689089242
391016089 571006764
1202261979 1498458710
535210767 1532840811
342012753 1325526343
47228151 918992850
1280875457 1726675140
529099212 1803726896
384954097 1468202242
346134268 359122083
210227718 1606612805
561537890 632796839
912909928 1051758735
907043885 1234981312
302983367 1180857968
437033662 1848969756
11500832 917017587
464757404 1575006993
509695218 640509739
864351896 1618715438
1006466271 1912674527
712548697 1322444943
1595024448 1636097195
1013496669 1426006340
215162955 1761709612
288376510 1625656134
1225419430 1390416355
896525466 1636563458
713195871 1532014069
105719128 1327133846
301507009 1031714839
160184011 210522933
676179750 1330821093
171394086 556715832
1206477974 1799827145
661662493 1070406249
1509917592 1650167213
1326428842 1829948269
1471143675 1892605477
14815051 974098952
355503153 1676162581
67418059 670547992
250744016 401935868
1452408783 1937846397
373571085 1871331044
461960162 841372683
257457000 711718173
1876240788 1955448660
328051903 1881971397
600263768 896070936
386539316 1330783902
812480207 882137635
119725617 1478551768
42112945 82165050
645447150 867882144
200548699 1787204346
12819041 1877062128
974984147 977361235
809363332 1251855224
312204507 1082462979
1206523090 1730535013
217162717 779834959
1399722042 1852468570
502102963 1219416906
1835168348 1979784786
211551227 1552811142
844666399 1475110184
223744239 669683565
1373764044 1870214122
181387459 1968957310
1091826285 1512008039
768037203 820645392
1575911318 1835044367
114429264 1148675129
362147286 1960344201
386228129 777398820
271946264 814598962
1011252449 1684265845
298076851 1883916037
976295943 1918949259
280701062 1285111748
79992303 1807465841
209420024 834564433
276924943 904555150
356264920 887300823
863441644 1520474415
581895055 750702437
852983346 1664896671
952784205 1174399120
276441814 994277645
92390266 152907817
617673585 1128890488
1050339429 1883785335
207678800 299287121
90541453 757103568
444721862 1884133584
1114393045 1123513312
274923874 1180186368
986789733 1741837558
992861375 1345253654
271441900 1315225185
397564182 580772329
906373677 940360076
363123098 870201200
947149400 1100785761
1322464395 1342353889
310863740 1239694537
585006976 1778361992
148234962 478079832
31616660 423870298
67370632 1942923472
1007827574 1394741134
260504526 765928933
836505709 1828467107
1642270550 1986631212
1063239948 1311273303
948747443 1378234771
109476135 1276084700
949857939 1618192780
479611491 647084600
809201127 1057844829
4304875 478882397
1621923132 1967086623
1104478525 1251845316
473229999 740217556
1657460168 1916692550
301291948 1738410782
497872974 1555922601
497313456 1919991377
721091265 1781928604
112848633 986929380
593614022 1111616475
1154090516 1350194887
1242058324 1370766638
119974860 1974321605
517516082 611169841
909079985 1450121164
1547991133 1933387747
1362628223 1632218163
1391448883 1710712740
571064623 618555190
754513995 1921740670
1225060545 1505053790
24606991 1143334291
1674513404 1806710429
1999223 65898181
639385653 703845894
660089351 695953167
520297915 1504425847
139470689 1932869561
1368892871 1593756495
203163051 871440353
1357329665 1535268072
1062503372 1745492392
1405332889 1586533851
39743597 462368707
1601759821 1876874474
1009924402 1290968185
387656886 1976814254
49413992 440151674
488489626 1622809416
740304192 1014408696
542028799 882471164
772741935 1136749601
1230579501 1366878046
54835198 1958206900
513932847 1843056197
806366642 1980391708
395842554 611356345
454979580 1814144591
442409030 1945925350
1749069516 1795814577
728132633 1330624558
79351856 896211998
1836459363 1836888537
732670596 1185518775
33280212 1141739823
493324384 1366528873
782819980 1103079631
5625434 541612393
603281037 1544559478
41959396 268778877
36741317 813373283
1004988156 1434118737
735134343 1993929599
1280096081 1847213667
672642885 1504455923
742247504 808062517
309794903 455590926
1234473829 1701872959
578647492 1088846444
898406449 1785036931
946362759 1650819524
1664858397 1872360364
909787928 1925131653
797483171 1052014303
1052681746 1399142198
116882388 1987492307
1374355024 1786178163
46293745 883621104
284136108 1417021482
82568545 1482764814
274434205 827667886
892717500 1586563986
546857546 1015611502
308496039 1288669678
1793357629 1815251207
59312722 95245936
635003072 858922173
568317146 1926790863
40589747 1494648543
1713337264 1714742885
1410567390 1678472000
556518678 1579555378
804788739 1868788996
497119873 1981885368
417627405 607187534
1152450297 1955572682
353588164 747981452
782108759 1196863051
24130066 780157728
1040884015 1771356568
591126462 1260539056
36191122 638448915
1006004394 1679557828
319996460 586192350
1000276085 1048633501
245505240 1344570290
247469539 614761596
443993069 1842839809
443123645 1257632630
1331088466 1479898721
607824915 1867984142
80651164 1888531682
111764097 1180710458
444804425 577269846
1752549567 1864297706
77251831 669325541
244836066 1631505285
91777026 1736616338
54379567 1581182093
22316306 1121665713
1386759099 1726356190
973528904 1322738259
1057891489 1445505775
305145764 1844044702
988460543 1133930156
9870968 1362233505
492041804 1881742462
722634928 1619232353
417070272 1833224098
797331511 1788145917
629523584 688586115
468638052 986923467
955298803 1995568749
10610858 1026011023
858653501 1441077506
436733574 527477812
1421729228 1542196561
1443258591 1655795476
1060008603 1223795281
1116155134 1366825951
727589969 1809752316
734822263 740065239
1149253402 1311940393
1733469202 1851739038
1245455543 1305212506
45385638 390328875
825376689 964629353
1387535736 1393394902
912944590 1926106501
1231927578 1927849092
373073057 1411091636
943857816 1755094126
264300722 1178480953
388916421 1911688373
529853783 1065098867
81255965 151867479
448211563 459415127
1374302642 1579106076
984399238 1637110340
462288274 482100217
805255365 1854526840
606511905 1858984715
730334756 1326356972
785006502 1862487417
1584553327 1712730325
286605585 1091305728
188396297 1657855659
1824853628 1989637088
602264199 859746386
1248912910 1882251691
959413780 1857326660
277448854 1800421456
237114784 400934682
85807116 1196287793
643761441 1929574783
1351386285 1657737106
1921175734 1922353436
599544659 1159192123
545677868 1693756971
455158999 860697514
296817427 362851352
302273066 1137522684
614907204 1414682280
649064959 1982914596
428293489 1380276098
876587039 1708417468
772010663 1765810264
328364323 513989218
107924284 1464361402
915765916 1765467508
1071532949 1566267814
766823824 1257190736
660496239 1428683976
318118626 832060253
1072032981 1986155812
798274230 1633502188
85965574 1406538395
1027322812 1128128493
144623042 1000369401
231533948 328628864
538863821 689051236
1239624052 1983107421
242505425 1224136722
1184975592 1775452726
1495642003 1665407684
90199340 1833993006
716307021 1307384947
1514898870 1691835859
1593707179 1880038487
559278489 1008546603
102231534 1664744273
865998357 1242670513
200977430 813487726
691128718 1821211530
657854712 1676046719
808963283 1543936284
621334601 1401234643
532609890 657001166
1733022868 1900303346
766233037 1389922282
246186311 707736443
5290231 748108450
247341116 943566275
789232968 1334265897
138392287 875333958
1343254739 1477533858
475665185 1071460531
776231392 1638783144
1554075810 1850376413
291588200 860932247
171754466 890420387
794308644 1074205381
711492237 1859063207
635274654 1881643088
846109438 1416625987
212805967 473635643
1198060910 1381439403
168768529 1333448074
1357213309 1863622665
833252259 1677754821
177362177 1308293980
897963220 1247552412
184944475 1867795463
412545290 1898409675
188976297 1387296153
124307215 925770414
400867893 1547787994
300532652 903860794
280669887 340262738
1365334459 1710563875
302897432 1016562135
248358547 921680992
571757409 994316099
555039000 1241916114
126284773 1883545969
373959093 1852879341
1220560310 1984191819
571775723 572231633
523324424 1341601393
1330604390 1583637307
251760151 822201406
370675828 1149663181
1365271324 1815974674
819824074 1750109668
643930285 1276535796
158279846 1410092225
524958420 774546087
920048547 1158769168
1195233855 1273105220
1557844629 1990489240
812770360 1580818711
296055025 434438684
182913147 215431327
1021866841 1420704590
735222994 1827809224
279899543 914336886
324327315 1454818937
419362307 528246721
1727599586 1950647091
1581320901 1607186755
1410384975 1527891039
402071442 1679863697
86419886 437110737
512219755 1083210680
394814749 1632038776
402883670 607495258
554223151 1001678327
518355979 834195133
82475212 715990039
985417263 1297865022
1143232830 1860718186
547151868 1651070701
901694664 1139596502
320966394 877674651
842527950 1114183005
231450955 1338315103
928254674 1827049088
1316825989 1999008805
396988237 1157907832
814328789 1924025535
239144359 691643405
160655495 1626858690
1775999449 1891986485
616243556 1653919200
1429449804 1693268913
1298322139 1621745872
823024671 1910712743
488305673 1213632271
79234117 1244153583
313149747 1760991048
196567385 1888714169
1625458942 1866933670
11163763 453715934
472363481 1110950516
348067333 731397517
661850316 853891386
147024415 1474383496
1122778519 1303315990
256033743 1214903486
1065177884 1350336656
1069322775 1883642073
239698196 709496939
110603897 1251778335
39098038 1663804587
407804729 905653813
204237561 701627483
228109937 802446701
1224479009 1749232025
361041581 1508694700
646096343 1797332077
758487381 1159773220
598123800 1389056967
478310022 1033387834
156671684 644140929
1364042185 1943483490
300455322 1322125875
643306367 1828583137
1334783315 1793120318
590614462 1632574549
619381960 1753322627
1024108842 1160865876
1805597365 1833806185
557353364 1177138789
95091593 485315891
1451483877 1575587484
65092678 560987550
194289441 1862699203
1344357223 1765563795
271866163 1831029029
758121865 1517430541
183489241 1526989778
775662693 1742759341
623233986 793838769
67957760 1638166404
769032772 976376240
40046307 885129974
954494456 1345741083
432086081 1796920820
1358922612 1581103139
946885850 1814596271
1367636166 1601796990
563576457 1234529010
639905783 1762438272
318105838 440400365
759987304 760820077
667158567 796990503
1518156646 1695218789
92415545 1630397701
466365426 679915799
441137502 1148612780
652083288 815820481
526630969 967848310
864229439 1864609013
295822200 970783684
1095617771 1229791081
746558905 941932291
283888515 1354334057
885448085 1405168727
426939376 1478249221
246709111 1995940206
1553655489 1765377275
1768289587 1973557898
869113315 1932614148
1395634631 1867082557
764158903 1560246993
1104128885 1229399108
113930263 168872557
270351476 560105599
597637132 1603779371
423076590 1378985006
1264118089 1448070758
211506732 961467156
970684039 1847746114
311245967 1756046909
436988102 1667861442
183730403 726256406
390069363 576709478
1328826591 1920273751
960295937 1826374752
132491627 186806758
401827158 761529726
228505960 255300202
1130459491 1866388997
70301635 1075410138
949980471 987599147
69118135 1323808826
1015290419 1214723931
1329717577 1513231782
339292186 1994653665
66040212 1809408845
649865776 752495313
41742081 419103541
480152984 1238288859
317888676 758478571
1397771501 1850271243
920503125 1872137430
42874128 1104052446
1900052892 1916328188
1219429688 1901408121
1092687170 1643066001
4781839 740447544
1201747815 1507068195
82622372 1059511794
1649180191 1892211182
1705524277 1992814934
41769695 1394470900
750309943 1257774166
1024163741 1090733399
893242727 1485698652
509885780 1595537174
1183769553 1859133880
569483650 657855092
1461956923 1703621193
1474127653 1547627126
571146622 1479178468
1499976934 1677813237
703623924 1939698768
75987853 598847644
65162425 838509225
161175304 254253446
43886298 1495512512
1098416622 1594054083
341421261 521267891
192378334 1544896054
1061014214 1312655071
1656261719 1853040331
1345143130 1695855803
628713284 660856266
26605180 367798809
1805538100 1940622790
1482338051 1828944268
341068583 1181411715
1258161132 1597269187
1034524051 1526199394
485092583 1414489623
10856724 1925282702
1083584414 1830116891
376787386 1117101071
1193794358 1590608541
352117369 376845049
1658957917 1727925296
722085441 1088610567
1229113912 1718077590
144239904 1796560875
387133580 1186921560
1038091233 1638560945
672600882 1602705029
651958356 1432503044
1566018430 1838654857
215052790 1139965716
863756354 1982075124
567440090 1182286634
1517158023 1964948223
1132223671 1945645152
109467197 618749608
273382855 701670380
101145921 757092272
900809609 1012785784
97114519 130894522
913405668 1907128339
1912326649 1944706269
750225645 1053815700
394515734 1675544164
235134813 1273226324
1399929095 1407384184
884609357 1999650615
261840847 684942300
321902561 346186244
756169070 852923104
368390508 1103172853
311197251 1240253346
181580460 488255729
551233307 558506385
550972520 1182658460
1243500712 1281620329
730964825 1412241417
1699596268 1777849523
698730991 1526722018
1424681039 1671663058
516137485 982059427
275986106 354129292
337646118 852847940
1416297628 1994269251
136552681 607620617
505045482 1948288830
585011117 1857279569
815711269 1353829607
111432030 1263996056
644009680 1049602670
1571330252 1685043157
878858608 1161483024
896327201 1541731978
2362226 275825203
1156101514 1939165333
723975538 1222690221
284545743 1488601502
836565512 1093067121
107456026 1168647438
262592769 716461925
26213683 280987598
484397652 637970095
474603007 874692585
603153925 1463150572
325391256 1694307509
431140358 1355645207
497942281 1357117989
16987612 835444525
2639347 1725998436
917459191 972521918
398267814 1517170010
966029692 1671490314
1878790513 1899415573
590608281 1187371103
156211337 1733984804
406088569 1312837478
723664073 1005821780
189671372 1334621241
174228438 1927866509
512187219 1962232101
527846878 1005115336
680031969 1014464041
1174565953 1629317698
1115947641 1721664309
490307728 993963208
756608283 1823475146
758988300 1611545786
189393589 957804863
651303989 1269237333
419635973 1762274174
1154428268 1721735219
57219527 1094805701
686757542 1032274631
271394443 1161302021
361625906 1365765160
715247790 786271368
1572542342 1642175740
68396711 1577637500
94968839 99548378
274731635 1786182984
489475040 1567468620
63914243 1118568504
415153251 854530103
1027016611 1460308254
737890546 1101853341
825378872 1982277352
137592726 306388444
967656974 1395726654
644301604 831103350
610006956 676126167
33773694 1379519363
45611722 879529139
380956713 1719656307
922749886 1914973916
575533114 1170468015
297789490 840689102
97699411 695032264
630512675 1991199103
358961370 1954496858
200917124 1570044192
376115321 1984971884
638865629 1585944034
199394069 1753938500
197630522 1534080111
278471116 1153851235
1034859412 1299275228
451938407 936631797
454005507 1032723991
13608083 31713060
226481455 1930871493
1205502661 1436364083
436292416 997844395
682948401 821692374
431719899 1722914641
509551165 828242197
194399254 899234281
66398109 1722877141
383739278 999962363
1251674911 1698696348
909322258 1627123518
1665975426 1874153879
972531532 1491430469
91900271 1463180630
273067884 506670079
179465961 310575414
420230512 1077270500
37342560 1521069016
1113556684 1379952212
219860023 291275773
315148426 1160024375
1392773673 1878310193
953857661 1965171532
268058890 1643411280
1815115076 1904655082
9825967 128394621
938413424 1267457056
908441947 1282071777
245868593 1035691490
973552713 1678576893
1605280080 1967840717
790765489 1869723558
627748531 750352331
237468649 274266761
476740576 880837921
900407896 1517222396
945284236 962342960
1199259500 1886718156
1289717844 1893167516
1432488456 1944206130
1427270506 1963759228
703868815 1898359720
1097132129 1382626213
1426208685 1821168162
537286723 576835183
415600873 1655577707
1146184420 1619552339
378129053 1503108764
1398361721 1801795797
356761252 1368185833
1498170760 1934053618
1239239503 1854990487
1243102361 1798819238
698799370 1506245679
1222242580 1449886028
1128093199 1238206549
1339010344 1731956588
810956488 975559164
150987959 1501689825
86801841 1586236103
573871923 1515966457
1094020171 1488352380
279078577 515083389
688306699 1110781251
94923615 126180005
1104550441 1715173250
180175307 528003041
1236402437 1387774765
966006726 1867712982
1145853406 1936221325
294268513 1434235742
1089520079 1678517401
501288253 1851912393
287406736 1117316659
1158704248 1400007381
890629812 1524067320
630215057 1457915942
895931336 1542499144
452906672 1107838402
78943542 1761847416
188440089 1711815968
374893747 1344624097
1653279950 1951838364
1068905246 1433007726
863714723 1902675778
234840635 948312584
844173726 1252526787
601190527 1212532101
221352566 1188716353
499573292 631631346
238572860 1446060391
1043695811 1180070729
351193325 1595917713
142305704 937178291
634996286 1635929443
752649330 1270096442
1379269886 1946353878
645098018 1399609047
612545192 940422202
94145679 1110673748
4320629 1613454601
516049726 1816726864
839100886 1174630248
294282523 724057853
662645446 1384133742
1121928365 1278293131
330863799 1226239897
1290444142 1489361325
635364970 1781632845
1059498484 1176634432
239682102 1028979029
144964989 652258514
100315144 1680178367
281174772 1616776606
558262811 1519520315
663733217 1808734341
1215326831 1311180944
491135708 1432032725
240184630 720951837
1072510869 1425654437
1619032876 1659342521
219728628 282589620
884661682 1885275272
27790618 1896331033
1625431114 1863511151
1243777461 1726292604
741129097 1397911368
358413231 1998270277
55743984 569674074
1031277347 1177441035
129199892 1578311181
710998958 1045771607
827255130 1782587851
654845511 941099205
473122072 619248521
812899828 991782022
485182716 1347928273
1667016613 1850960149
356182648 451285070
635614650 1414576981
636415226 1734999986
415150929 1063386305
973054917 1735339529
48346708 1747717908
326603524 1196205798
1104818116 1416655723
1303023751 1619756038
192178759 1967705624
934819330 1402986101
1279598319 1592142194
256924567 1475898954
509353000 1748691447
312587852 1238335234
307189616 587784853
664128747 1222767843
626918107 1856437011
1453934438 1852631426
197110373 1056897815
1213669081 1236601773
268560431 421385111
142340782 1100406540
102052772 1112450384
1097795617 1962450218
627614792 1913765926
396526205 631376067
717140198 789668992
1057552033 1556501140
124924315 361239405
97084336 1398973401
1706761908 1965586961
461707482 502756026
57142741 1470453612
286933120 1343832600
175915623 591498350
154338117 1772736385
391467414 1857810348
597996294 1634223893
1728202324 1892697487
209118224 1072193883
220297935 976429059
925977939 1503776628
810110258 1512614979
569273623 1054816505
317008840 1329977171
449293895 729150386
1231383755 1645217957
749475031 1962129706
835847578 1029745963
684983597 733743002
1375912958 1998308218
502682271 1560040933
480695447 493398127
370783623 1454465464
406472379 1129010871
583582777 697084549
1208295964 1794307143
923992545 1541120830
102673835 159101472
1716134303 1720024444
1151563545 1573033113
885383067 1374239697
1484169227 1866684649
835525975 980472372
650122932 1114939122
710110417 1565962376
420300033 429025170
901875597 1571536615
368860602 1767475937
477607133 546134373
531858709 1203194603
586463177 701833497
875631200 1086607809
521696104 525140190
806607717 1791635596
754300462 1011502453
897704653 1240502646
807640397 1287808660
579520631 1278424003
1215214590 1458705345
583453660 1640983777
1114308061 1829412419
641572897 758891272
945637073 1208181992
597240540 1757890025
123312828 946692013
450478958 547000613
1146839249 1986652837
236659601 1982741648
342346809 1294490340
568772627 1409751362
594786592 643889285
942717329 1921799734
235443350 1133818152
187877327 1049744815
522374067 1453066126
251078071 1237020346
1135494251 1747719993
182802651 1723992542
82196480 1630067753
820831350 1645848818
1529321748 1616712897
1208274350 1969564279
772939710 1296966743
1687673117 1944163549
853857029 1079834297
441090052 592698268
422326220 941665287
1621138493 1900027228
743274634 769648189
180785743 1295294764
791920588 1483109926
69336880 1508507102
1700932197 1797238775
406276013 514436872
643030063 1320685150
1651437352 1929623552
197141297 526000038
860612574 1507666739
419338792 1985237024
950431762 1693775489
697309921 1464025182
1169378945 1890859580
208487363 1217950408
57581485 972551666
665619144 1097370705
1721141465 1961840194
722879033 1721357297
396587946 1892210892
1082033762 1867859895
1229072867 1327092211
150884895 1504095490
1077966094 1719274471
506169817 1969730264
500425720 1814468685
379571605 788732717
517086363 1323062241
175800348 1182881498
695495753 1291289922
1573459175 1691212727
270573165 1535596046
297838816 1077369798
718422779 1714723534
946922215 1721219790
277401613 848910879
1979880255 1990390546
778726146 1162257368
273315113 1748547093
987797318 1550082778
1226895542 1242058497
690256197 1294403422
687481988 828215665
427363763 1750654409
371569718 980854416
34641479 176069101
447135403 1524354121
887589750 1182004996
665797639 1826996636
1193250505 1919040737
963953717 1892942554
59975711 1009322629
449693883 1482255187
767736282 1689397745
1318187405 1519981595
531127436 1836576560
513079667 1237220472
1246469351 1604415864
520184596 1734134578
494287418 1433387003
716846913 1854167732
543091578 900056346
703192090 1627035715
76700759 243865246
1654617358 1711743529
322051778 1546957601
671762130 1219613654
638015174 1334492452
1546142028 1700710992
793154642 888143640
389384047 1213273494
1456499535 1993728892
1393581831 1636522440
919168434 1418786619
549854647 1072135159
293077785 642358237
1006249215 1735265643
1584538324 1660780501
430713444 1578364705
1568210633 1913347327
171105504 1810765669
557384904 658680783
1057306338 1771934684
637931239 1226518761
349293266 1926925405
184645837 448915843
78758318 93194064
168487110 1275434657
365543362 1162864292
1810140674 1857668763
1699332217 1782986025
1095820188 1865640527
1393122066 1886110201
985625562 1159535256
240798742 1744256502
1099699477 1223608610
326491274 1678788314
272937218 1778483047
542806963 1056372015
16496136 1824657279
582700240 1700226001
638404038 1017442598
631701638 1325528366
212056577 502833414
328655266 423190519
176089746 1870945152
89343105 1710803186
197635364 1787141554
186017774 963291104
260961610 1274321022
1016679025 1556540965
65348762 673878319
566147101 1737122494
1906859743 1911369802
499689136 1528658168
658843933 782711196
1141730020 1966310425
770326406 1025891529
630813467 1564674469
917855531 1149310535
1004499348 1306842240
1183710176 1645428944
569079270 1896005623
315342040 1382862762
222024422 736115221
1103411606 1662042800
426557142 800425690
942555881 1774899951
581474309 1131850552
10250467 943603511
7437601 702626344
439454421 953875230
772313839 1904279928
678278459 1814880534
958424792 1773292622
428695712 700016762
36028619 1240929622
193569928 1021335584
407714721 583508545
869145568 1331017172
744979353 1207959351
1237140219 1728244153
73526720 1663006250
1305235810 1365431751
1048260458 1883057013
794273969 1809165089
1680232904 1687112063
772900 1733375826
65563433 154335024
58338828 1444439634
816173143 1549452350
290854882 345561850
516098585 1857282454
176578482 1060896655
14338978 1083352424
1228424892 1581279709
1095704245 1495685289
428985035 1782471448
848984959 1104254120
31236191 1661693676
166897492 628768830
35483782 1696205578
204685070 1798701314
1196093979 1265884693
669972713 1857902332
784298693 1862149970
351861254 487716128
848401265 1802897180
58100411 1635899044
25932187 650585054
667953388 1681063345
148862411 415676436
1305054447 1593957492
443584576 957702230
978731959 997387126
527964124 1635242658
733552830 1827372178
1315102377 1872620223
777970750 1162419253
691786289 1616788069
553166715 665888276
604277754 1335846824
591601701 1678844975
853102359 1408673047
1643675089 1714342018
1616392376 1757808393
286066858 1550385240
1454204220 1568108189
99547134 1790417374
401061019 1475195809
59281861 367424982
478228189 1301947553
259198746 578248123
221414452 604051515
341034475 854798439
531059559 640075919
72787017 443302994
423625225 1084435985
678150356 1142739326
769683554 777764703
910174989 1871822074
189252252 658011230
232580623 915354257
485827839 1342763014
462689061 892904283
492558850 832312957
501000363 1669437767
164245471 1663487773
1300107589 1846148455
79561608 450073676
1088785187 1218920362
67733207 1776965155
233656743 291228863
11517655 929733126
616307919 1971891044
580661418 1328226617
1610047089 1852236773
1314071716 1499004854
242842685 287905307
124075491 621417502
117934873 379086073
247865730 1905278260
1055860073 1823756352
215508447 370127309
1585305321 1748426297
1235819639 1935822685
891810955 1930349561
1054796222 1609549152
157332583 865496214
401466267 1923517438
1036951236 1342721307
480914144 1901827443
253477000 772020283
417119519 1224479677
931854350 1697695670
94450465 1946333359
1517319715 1717511479
482711646 1394127355
254059626 769492500
829948638 1175710487
171419241 826042754
189538446 488664855
117107950 1998703442
85281191 303308725
1470395818 1599894582
106872427 1463088790
904476002 1770164576
326046224 796142066
703296930 1938222896
791853152 1409818718
384454232 1470527592
175225628 1422758136
72624589 1961811896
410446654 1578960177
537738880 1292644109
515648047 1050909932
574868744 971504565
707205459 1136651450
211687336 414213788
382065783 451656820
629296728 1449031986
1479044295 1733285158
96392504 224067815
669842884 1302104996
100188718 330475908
1171676519 1225814453
300977369 985003622
767128489 1565814226
538772811 1877124315
1015384478 1436210979
764626266 1458685672
587263401 970334286
454555241 658585519
1667183363 1947405799
485526562 1870301636
1178337051 1534132501
79510945 661273518
278854880 368201264
810697698 1030390568
310022375 1773590222
1057528796 1236539569
381258236 1931249999
751348835 1030611870
2205227 627606290
1705222922 1835961399
210325857 1411323651
417067817 1586113553
376369030 988524707
1102739718 1787206231
856925522 1006537622
895482320 1195424877
42358397 1305745861
556367427 1777210947
1211047012 1641794771
457294814 1051257297
731662946 1426282545
104295151 1592248809
575105194 1738669543
4901551 498963697
765600803 1203345918
241225949 1744686437
118212576 1086638122
713936100 1249867409
1334846731 1440556023
1466044727 1565666652
131937761 545100216
215849678 1333062733
191624897 1747275995
1501123461 1962605177
1140046242 1630726511
1501936962 1591211884
959147162 1198447978
1464222387 1514502111
689329475 1735000882
659358456 1930555500
270348460 1355173134
436724150 636259421
64612480 180971679
1253856322 1547672623
128055314 1758895659
72361231 1725880057
1617210813 1800842174
276328623 1114514419
1053860747 1522653638
827563758 1306278624
547063702 1319263110
198431599 1969681897
752585889 1543068740
1230922704 1834344955
130792040 628095630
950092761 1719141495
44365808 523454266
838461862 1129919618
110031002 580208030
100473883 1315400625
614702356 1176991380
172344309 1239201614
139388092 331956330
582443777 921442341
279592133 1977623935
328206039 1969232747
18793358 1123513604
102144850 942115950
487345585 1459265587
444974313 467162931
210254838 1722828644
868814260 1130416716
657864806 940097691
109727842 1380945689
351579976 1516560494
525354394 1700856760
972872463 1174819761
810704004 1192475086
226650086 1239465256
704707950 1679995989
695385632 1891039240
471424020 1185507941
265237026 1558248427
553887828 1575680098
478836696 835067140
151886160 976597373
697783683 1159296286
1375085504 1738453187
279985092 1410807678
1678627756 1874399386
140414445 1843538639
323844088 1847058376
630477408 1731027843
1115462275 1755621721
35671485 1510985631
1556142984 1966458217
107836296 108582193
1801680234 1968012226
742665990 1318156545
627301411 1952598281
704540639 1666330423
142137387 301277837
1661208259 1896101288
52152259 1671369413
286118222 1568077941
513604319 757567681
169973274 667248800
324320851 1423434322
276336500 1031302549
16570412 1450818608
362567285 1082407298
591427079 681505533
559375798 1279595751
1067956640 1401045305
665464504 867830378
129715163 1223479284
733421214 1991386529
804017035 1080630809
201599973 1340024094
122724992 1540785784
68948481 1861172344
6248186 371709629
1167471851 1607505374
704472922 1588889184
317761940 358924601
766457198 1280298495
659381594 1520391336
1834171888 1990876785
57892180 923812810
200178126 648179183
1271069387 1458377185
673206733 1914628532
1352363679 1366730691
830424386 1562392276
1048446207 1228332751
537596914 736261306
1016655054 1366424153
351600625 1881440071
1274475918 1902065326
497516391 1269185287
641201223 944979470
966706547 1995483253
462412856 1432920854
137017448 1479346254
1125956534 1129123975
1094295044 1403584951
1620726019 1682211308
906677131 1491587109
355111982 1160422472
1187511552 1558480546
883394027 1679995753
720383609 1053440192
1167115459 1262046314
899555229 1255159495
571392718 1451591366
1348325940 1701890247
1022577294 1103705704
897360022 1842051920
987489993 1209639792
55156524 1978634278
310112749 1048478573
773528815 1638084292
601346536 1969847296
502121822 1365636637
572071566 852432289
80520320 296417708
969517885 1118593244
171249934 540338076
193078474 1866463163
1710332999 1956365221
1055439182 1183078620
1243975549 1403874012
1588365473 1911464993
409653633 1864420069
153887698 1920590500
561151325 1622833729
196885893 571983261
262465397 1446998508
1934176622 1983451682
1562182381 1775661514
440399199 1513704240
130410816 448528858
666938423 1094956571
737381384 1406964419
217019388 657831284
946040794 1817748257
677533271 1105696267
398419351 683732795
243328290 587902654
150860091 419764854
392689828 848752549
1320685249 1986335257
814492358 1355252237
765623073 1238725895
403890617 685592772
1027570641 1312876911
21993711 338669380
294606468 680656498
587775609 1334314323
160231266 1838803285
606529914 966803008
712558235 907935044
963394578 1412568075
1385097765 1856683997
880974856 1103148516
461500320 1786425390
77102318 1559506037
650081373 745442811
1532927554 1583395631
578490312 1253276991
515576767 1380559389
587874327 654226174
870251501 1186324631
461266073 628992054
10957210 768161917
874781365 1540936125
666279787 980999466
531082034 1124963588
1554023503 1846086516
174835598 201122871
966120040 988467276
1591473246 1960940013
94086827 1572828671
286767393 778099158
946341373 1081400154
1582150107 1810819850
1208348803 1869535899
354982584 631402449
499604565 1269101748
445553216 1730319532
1583933290 1699854565
1064521310 1068297946
721084411 785346077
1758428241 1855463378
200299188 1217733583
574737027 920327357
328432569 418222908
251981404 1601175060
1264146830 1451849427
107349298 1708647968
1690362817 1710438204
852345505 1169829468
1278212567 1352187381
1362723597 1681007637
637831303 1683102170
880222770 1954822241
112739316 935128577
730228050 1072422251
374703507 590035268
732769311 1780403980
19006017 641867673
1546235410 1630140894
434852817 1533721502
2510750 221823247
48657523 314816130
1601178925 1825472987
767962223 939172539
907631862 1100437537
1073160143 1800850334
1612041588 1749102163
282367759 1864454690
518940617 1137211529
1589694764 1703307291
396107984 1580346495
839438922 1887041040
4057158 714762449
130493344 1808234873
1013774022 1257706639
146209088 417458492
216583235 538794334
1042422796 1710229507
1096138845 1210055262
1325739784 1333565498
1147169573 1227856985
574141629 1488414606
571228116 901765893
315502305 1661538044
353712345 1048209370
756909314 1842332256
725471174 1606386729
203068202 476674991
299026796 1096274817
628635557 1085545160
65371976 1606807004
1163643168 1356547211
265543919 1546450398
337714177 559921256
727460407 1009357560
786530647 1368485550
195973291 1022177974
539724048 1553316827
451000819 743777756
63718335 1928680877
178224761 835668258
730382176 1349900477
1303223449 1558443185
442618430 501795001
868444918 1321326249
1159791544 1739997406
370128276 1603617785
70202315 949737141
965849971 1670042585
254471220 333564768
172176681 1039280239
119954661 1434926622
1082760781 1954573367
305328800 459284205
431545084 1876009955
145845141 916673459
1190665784 1896154413
881158 481220035
1137993555 1457080405
268643959 708667756
39307167 359105868
1209046246 1324900540
774869650 1017263779
1163916423 1780826121
762208306 1615960384
845476357 1917227625
1080246048 1668125264
1574861853 1733374065
1524797143 1985514898
611354964 913556604
258269548 1898889796
1056488317 1110246821
158546369 1980818975
733755027 992746304
721953218 788688285
576339314 1086993047
26009642 1371347514
389893007 1096543333
1753854783 1857365544
1253905257 1595387292
565348228 719282006
456190 1314376356
983758803 1265582328
303703268 1783115532
884466457 1178923218
521580221 1393832759
1343102703 1441953612
1402085686 1841369902
407241540 1179337400
137501728 1726859318
514166445 1753441207
157937858 786874086
1164626069 1839256864
736919875 1181074843
1538976582 1640610565
1093733745 1398624525
520315039 1360314344
66097900 1784834026
241350907 1316882008
1516790241 1614258763
1098458533 1988518515
373058498 1791082665
566632030 694494166
822552459 1901472869
1061952738 1517350761
566877546 1881521672
738754952 1160331321
756003033 1417321791
9905936 1232634920
100573019 676932306
629354513 1566781655
1153367113 1712588933
1368335320 1591436292
1394324073 1578151426
1282661153 1501414885
1252188090 1701229534
581904272 1138681357
704272882 1584086654
1214444527 1924187901
497711287 1214577976
1241101166 1704344245
812702033 1010884142
578010555 1235958382
390228910 1358667225
1611825094 1744593215
269060998 1750626043
1382427388 1869587112
230590408 861150231
344342945 1978496854
65414945 1739512553
134359898 1846523752
638362014 1590940698
36963429 445108581
877803 84696605
434078516 1906258101
574780754 912233440
53106725 1790582942
15910011 522323673
632737023 1175878993
1234875145 1776466004
370688555 1008240506
146832410 1591714630
936528856 1132457223
465657729 1572705906
18147668 1514221746
756027461 1276519714
1062698318 1890462465
317073609 1991992321
854469672 1946396982
569054395 628591267
1367237507 1819317360
209901512 1079467919
1121384652 1445990881
177463788 453784838
859693819 1293027416
816677498 910942269
98445220 760107947
1941986074 1976539614
590131353 1437698290
958025006 1781196378
424936666 1276574366
918986101 1098226085
557477783 1038198795
250173403 751252594
435993381 1112659973
867419098 1123983861
352371841 831541752
132896011 1878981282
153611045 698174789
1407321776 1893177395
655845288 1116155063
1065329594 1719914924
77075654 1963710448
311246868 1658750325
1286008090 1670094436
477537328 1235733378
708733551 1740358204
128663607 1480896975
1655213857 1691862689
256080594 819792864
99708318 1164872530
1833696326 1948074057
687763068 1963936462
413058217 509035687
11763559 459711430
325461402 657310454
1079383366 1915628669
15187821 838244412
495474591 1439592169
676798813 1714321834
176434264 1322497156
450131785 692215731
584387566 1698158451
627768479 941955016
1827216701 1995238012
443441192 1671372758
281897824 598663980
11375461 1022750816
314571298 510004763
362609285 1672739390
212481040 922375885
92350447 523179351
1649258329 1860319315
312909342 1868653002
248120847 280230921
225935025 976398966
845501699 1765147112
643482762 1666645015
718253458 1569091821
881979776 1235897254
996665947 1575777186
972093854 1580052907
292447512 881581655
153094929 852211259
679131717 1504385697
1651958840 1922907256
1309344731 1363845053
1276278827 1324513091
1494651989 1770264633
110494617 884259219
1392431896 1707631203
94519819 1390188615
1134988951 1608485844
414534863 1824225280
1422438134 1614351952
8534754 995276071
332643904 1228410289
16361401 1092235999
109742976 904399226
1302326147 1327239991
4572232 1299818464
213411617 566801811
766538868 1902695481
1131364373 1509647104
72113629 1533370350
1247350114 1945197570
1341892968 1419397696
906707610 1353813763
187022333 344499803
1203208998 1335720414
30617179 1982862593
1187435619 1874518899
963721832 1620519346
736954126 1100667781
1390885366 1484253981
838553801 1783767413
1631079658 1827705931
1602684012 1618833021
220438711 1051770772
370278221 1409713077
870112514 1645808533
900354331 1644600354
166340872 1340344497
106403315 1227717238
47537310 1151276098
246655676 542308391
314705471 1571270228
90382795 1359594893
1644631827 1974590884
1749054167 1971670366
538410483 1930526112
12556787 629208229
1050086647 1590231048
937638878 1564116885
1330929608 1714420773
1463933008 1682280393
127922242 130501735
91698793 523319663
625419646 932798857
162102257 235015190
203378910 1700052317
1181240420 1774544750
439621799 1452457062
658781613 958899551
7342053 1043903531
990606015 1916329137
508289810 716141857
1134814618 1524281542
319636038 1228156021
1156152645 1491488048
1298315471 1331550515
407731429 1749208344
783167197 1724440554
214596788 325093301
292368507 1061918768
688415649 831898656
99991876 274414601
604178219 1679697117
399926874 985885328
1114991205 1369570967
522820218 1462760473
327184315 1136271415
1253791466 1459322750
1218852484 1890894237
1387677326 1917476691
610283225 763946076
295481633 944543043
281497805 1070504009
738630497 1445049455
206666055 1912252052
485918518 1300037393
1542944311 1663457214
240949095 1388808953
277917409 1486718270
839302646 854653152
646517750 1253270147
282856176 1608534433
753095252 1011924478
629440047 1847780480
11191621 481849213
648607966 1103993439
671765971 1970003386
407298682 729514009
1319176306 1958476746
60945963 825478988
483122430 1342608207
684429600 1516881476
644377055 1888696327
25890711 124068175
693926999 1298241712
1012711594 1249115411
495554534 762843158
345556186 1351901391
1296881473 1722529017
745531784 1696417342
683869055 1965522890
761882447 1500284994
561391391 1281267621
339674036 445394106
114653666 579866595
199061699 923198659
75618133 1510746847
1171913740 1464216203
310860906 1737073980
220178503 1170533702
192272221 203820551
212801735 550521956
1479093198 1949431476
482066601 957282097
924049168 1566952141
934060097 1725963539
164142037 1743184364
628736734 1393773478
499347244 733071624
996703527 1960782504
1288852150 1313455196
1700296052 1903063474
257023734 1208390507
770169153 776784914
188144466 865554575
278393267 497154845
1860960306 1943178936
880024731 1139052702
202510314 664901156
1028460390 1853427410
1385243422 1814856410
1453512762 1522366543
1571900541 1796646382
1026993343 1936279740
595966729 945292048
741640232 1479488268
73673255 1455665928
573567153 1553335837
843385196 1325859152
818033403 1409939256
442570105 474886547
498924121 1131231530
1158229410 1834779755
39235843 1604627001
480768909 673266604
825757221 859871741
888686771 1282060908
1102537419 1605888031
1543550596 1779088811
746020466 838576944
976892799 1923398299
136287602 641543252
737486491 978624795
843417551 1546752873
85119176 1998180016
1227252250 1404394728
1291951346 1642719806
369399295 1088354537
689115236 1314740750
917128255 1693482710
1151536944 1432317527
924613069 928459543
294448310 1446631807
35101528 1360908176
121261624 1023652026
8109424 892293842
910582218 1689424652
845691088 1600654681
1080841686 1981165018
441147369 1799177834
58926057 1062493369
224016952 1038226402
363040724 712918333
964583070 1427605942
688486034 1528606867
745469832 1263984506
498189025 861315470
1087927177 1579042253
1795490340 1914955413
282515980 1797150554
34451794 776116288
876377448 1545903180
566337239 1057504534
951668410 1190577687
37490376 556177253
298749689 785347108
610760243 1581068173
816260352 1500860776
26144177 1162938137
557176497 1326607871
369464241 1090201249
1081139623 1745775202
926518372 1598536674
99983052 461731455
690522835 946148027
213185597 1330022657
197086077 589102796
165672123 1806502548
567644675 605272641
708691606 1814046928
1063127698 1843717107
266998095 380331671
425369926 1244314294
617207373 725684057
76251806 1233247461
1478854 906164388
102154771 622412129
404720519 1556060171
1039247345 1684645201
445213286 700402802
892853454 1558981114
677228780 1070911874
462521260 1952956484
612658939 1166769588
766993217 1042931903
870290434 893754783
1388742123 1614318091
501999779 1388164543
1293030068 1761021411
571280859 783328368
988705641 1969950646
1471870424 1504520753
760213891 997033323
461759161 982155611
1033578969 1434642707
1485278516 1557040343
315779579 1357297654
920338338 1594163206
711651080 1461761829
1781337304 1839006694
1113793064 1748950403
764618846 1341024853
542373145 570695750
1044036874 1388438529
494160079 1886582919
1271926586 1470878403
755761120 1748071645
8198101 124201838
1260765066 1665412922
1035528717 1641542045
524253208 858786090
162258903 510905474
281256256 1280727496
458258481 979132092
842424956 1958541554
264369252 1986411857
424790021 1165500744
94184119 1348856868
1381377603 1513734810
534472281 1988041712
220212366 1014834353
252818323 497922584
68355239 78099212
1818531786 1941468529
289870109 1049164412
478644057 1442837513
365882520 1564104824
174499075 602832166
1611568753 1690378591
1528497548 1704906982
76743776 1911371600
589177759 1797052550
608444890 1397103780
1015341194 1757138354
620118956 1591817691
260630646 1568908407
1469251038 1554823530
1018364752 1515498617
485285458 742530953
948322241 1908765006
1174972646 1838872112
1626991168 1721690405
248086774 1865124648
191519514 324031956
1615645487 1745200531
1282252713 1606602642
551177426 827526527
638938120 729527409
468075706 1528494897
743423948 1778998754
1240711717 1261172981
60012621 1681285156
633244606 1405185440
600070723 1457858503
1050742284 1764110547
1418521070 1756249257
453966307 1477464910
697495305 1159010768
978359071 1298104124
149177238 1715775326
704594643 933869368
1203256888 1983342162
645362116 745854185
863043856 1485070905
909474106 1776590778
685030490 1771638693
1000985652 1303994040
670046865 1615130541
1176957386 1685097772
63594053 881035332
366986566 1007863175
756662447 1822596654
49594040 980250075
692251818 1302074658
7636018 1828377685
382402522 1379973157
199019757 1248441814
508102011 1831539283
1250658764 1806836444
481331578 986408866
1242776295 1771603068
224930366 1679985753
1441747016 1987331330
574140376 1808187339
481528467 859294559
30229223 264003641
794631368 1940084853
747193996 993518783
458010025 1429108848
587526265 797981921
411708764 1215197528
837250534 1239204005
383675822 1692259418
396987008 653910774
91699248 1058786617
1345094126 1884907837
1807750493 1915564409
93474 1728660889
852214243 1534712351
1579951577 1688530078
458220784 1954267409
87921622 130692761
25626364 1981184492
725108395 760061409
203196841 1193736355
91175048 325013293
135015148 765900460
219363699 948227653
169759039 1327417752
489767573 870717522
5245802 1881750216
162923394 769431317
383292453 1734153825
1736779689 1812124709
578520807 853579304
110982533 603629532
445688793 1460957850
750840785 895011106
794209869 1577923777
1258494910 1355525127
650786166 761786062
1386864747 1672475948
750297279 1501367880
1007874624 1690289829
365379034 1545366554
299187756 1423655807
352763135 1871418094
148659840 1912523453
797137617 1578627693
723732113 1732866672
899992731 1304185985
108355438 701855455
1058398783 1655315204
542468367 848507441
576956602 1878662758
441026209 1846546877
1145734044 1895213657
253229508 649810321
174946182 1598094251
267470430 594875217
295715984 1288788817
1559175013 1974995391
202583908 493118889
620606324 717142877
475538859 1370104180
163053296 901782485
150911835 1181909903
823944939 1773524428
885148152 1992907411
8389732 492478181
450233366 870008805
607156953 1919063704
1371477117 1991898534
899054061 900835492
507292497 1240230741
175367417 190520961
351323296 1630509526
222504047 1343068853
257788555 1732541342
157734500 685343730
664413026 1932177804
513647316 1638112625
699198191 720188159
551406984 1029481700
1047071522 1450650559
1553190662 1634135534
1669945621 1973803600
91973741 728089294
697415701 1865427085
805065338 1414894517
156952146 313739472
96541238 802613201
1152144595 1172443661
1304937553 1479308046
1356172928 1749057616
45451265 852393216
800325916 1062234187
1196922702 1367759589
671105962 891528692
1371083945 1685300958
1225457189 1689866315
56535731 626958638
479735087 1642933721
731596922 1015626490
300401011 1890728098
108746851 1312226012
558851585 1101795730
1388880577 1830184468
865746916 1945155900
1561413422 1873341009
173445316 1885561613
1221188990 1970152459
349602433 1319024954
689161640 1163402957
343673430 484617017
17704803 279807190
1351338471 1576773885
1345354669 1726197994
112854841 1748498222
234889587 1080755552
647728713 697726337
1302739281 1983209779
596305785 944344079
271809050 1017887457
768368845 1797853469
1105103367 1650692707
931582774 980566867
485118781 1756982937
344462618 345740349
1289431701 1587604862
610080694 1454541723
198189608 1268589735
606351452 1741132266
428027772 1718816132
534869228 1188864454
109117740 1685840165
404058436 775536828
26741722 1475792906
725381818 1927021243
917061907 1555123437
554522873 1868142044
56179405 450048205
886047343 1607094770
397836507 1791443445
712038108 1062646837
20412921 775667388
762363810 1361034761
125198477 1284799936
1166431784 1889153961
1003678830 1020962818
197234614 960694093
543120913 1762552924
1114015393 1586154251
93714996 1526990765
297407405 1199223554
85178492 1935186104
559063552 1705827230
515440799 1765530672
1015693697 1163939660
1062234182 1332106506
1402597626 1865506632
717714973 1328846172
684669667 1481757450
1149747219 1847603955
124420798 164232799
1210316967 1247245590
692590546 1658323043
1041818946 1968082588
320849301 1157600777
865280996 963613295
108275451 1887128889
1575371780 1604078185
922887132 1569058286
1477679559 1803307416
184002627 990112989
1081739399 1708089543
416131988 1634103080
132289573 462126739
54755970 1023785848
631358522 1564047621
1023768959 1347082955
171254345 1357312893
566582339 1661296122
104083000 1619496308
323593004 1432243464
911922882 1162156418
212515325 604792889
618570950 1356274932
1882597605 1983281418
136504686 601270666
149131899 1797548184
1465042193 1702584812
149033424 1895860284
171035214 1022870551
1384721062 1439337857
641539162 982122122
116198440 516453890
34978699 191119877
1020764234 1957457550
292998476 1972244905
1051258678 1574369722
187454732 1681112302
110640577 196329227
212948833 351056827
29077562 915450443
1444689195 1677157314
213661378 389885096
1005210365 1827928562
1394406730 1965478626
1501879356 1546873427
396252567 800997743
901508781 1808392104
459308903 704668091
466634228 667264973
487617140 1822187126
770674788 1919133219
347096437 1647905669
1278604500 1881447304
218728240 427692072
46865267 1855830709
37862025 1886679677
1456448093 1970080673
1242535879 1907899814
852079588 1281712760
149814190 1452386301
16662345 1188769083
1630598151 1930917965
510005741 1418643474
403867353 671340724
1030816234 1960302225
293273305 1987219682
694218629 1728614402
323585205 538166704
590939114 1740266998
180955854 1634204445
586916756 803256093
455286423 816778878
1072782756 1937013463
699036052 1391154756
1414616974 1654607305
109035164 435113894
80410171 1927305604
218011169 337580892
639815822 1214336879
1254779201 1728945923
1225558877 1402118338
883718699 1109076487
205601695 666392283
164885921 1201555719
455540101 483018947
5563618 372111616
686743239 1399113856
549780567 1539177039
259689228 1407409623
1188224016 1666139878
945678152 1879925750
1009741994 1530306701
791002027 1509274214
357413523 1855262855
35786737 1629844293
330490878 920211356
4312255 438633025
306898339 566491706
1928487282 1984065327
413600149 1629064716
1165209892 1770664581
1840987888 1950723542
806733613 1820197432
1764877113 1911281821
363493788 1011116514
1641642629 1773556902
1068418606 1487110899
68071714 1960619205
794688496 1411124083
1189046302 1925574605
840560450 1255825583
162389184 1291443567
356784044 653164085
731978872 1450699989
273008652 1801689959
48886187 1405969407
762402363 1435336481
109356452 1887064408
1830009223 1870202256
1341888706 1455068847
70448345 350925432
907724527 946749202
1604824106 1606273620
519776301 1160521310
1244541357 1409563136
1290295273 1665517257
1366678475 1728637577
101607236 1380130215
112214471 1963083125
740355317 956241962
10284698 661763318
474289729 1236338527
212134871 321273943
14175805 1867717658
1046056328 1892601606
88127068 1879721395
231979035 1586182878
1695259870 1708199855
375552500 845464948
840048782 1305387721
394801538 1804465073
660233977 892413435
374861173 1234704062
720990005 1022028244
125268517 649132382
628677605 1775733693
801890272 1746434779
325167954 628130641
1429534600 1872892545
1168843328 1177930242
1881037156 1910231591
514547266 1900512269
64292319 1142268073
179468968 1191369809
853886110 998803982
0 0